{"version": "1", "message": "ERROR: Hidden Testcases server unreachable.", "problem_id": "ads2_m4_a1_1", "user_id": "Sahith-8055", "score": {"sample": {"0": {"execution_time": 0.3589787483215332, "passed": true}, "1": {"execution_time": 0.3125486373901367, "passed": true}, "2": {"execution_time": 0.36965131759643555, "passed": true}, "3": {"execution_time": 0.3978917598724365, "passed": true}, "4": {"execution_time": 0.2783801555633545, "passed": true}, "5": {"execution_time": 0.28123903274536133, "passed": true}, "6": {"execution_time": 0.2948272228240967, "passed": true}, "7": {"execution_time": 0.29767608642578125, "passed": true}, "8": {"execution_time": 0.3253192901611328, "passed": true}, "9": {"execution_time": 0.2618260383605957, "passed": true}, "10": {"execution_time": 0.26510167121887207, "passed": true}, "11": {"execution_time": 0.26750802993774414, "passed": true}, "12": {"execution_time": 0.26323437690734863, "passed": true}, "13": {"execution_time": 1.5905566215515137, "passed": true}, "14": {"execution_time": 0.24885892868041992, "passed": true}}}, "check_style_score": "1/1"}