{"version": "1", "message": "ERROR: Hidden Testcases server unreachable.", "problem_id": "ads2_m4_a1_1", "user_id": "Sahith-8055", "score": {"sample": {"0": {"execution_time": 0.284820556640625, "passed": false}, "1": {"execution_time": 0.2998321056365967, "passed": false}, "2": {"execution_time": 0.35465049743652344, "passed": false}, "3": {"execution_time": 0.38213181495666504, "passed": false}, "4": {"execution_time": 0.26444411277770996, "passed": false}, "5": {"execution_time": 0.29607272148132324, "passed": false}, "6": {"execution_time": 0.26438426971435547, "passed": false}, "7": {"execution_time": 0.2769789695739746, "passed": false}, "8": {"execution_time": 0.26839208602905273, "passed": false}, "9": {"execution_time": 0.2601335048675537, "passed": true}, "10": {"execution_time": 0.3109729290008545, "passed": true}, "11": {"execution_time": 0.292694091796875, "passed": false}, "12": {"execution_time": 0.268817663192749, "passed": false}, "13": {"execution_time": 1.4196372032165527, "passed": false}, "14": {"execution_time": 0.2758650779724121, "passed": false}}}, "check_style_score": "0/1"}