{"version": "1", "message": "ERROR: Hidden Testcases server unreachable.", "problem_id": "ads2_m4_a1_1", "user_id": "Sahith-8055", "score": {"sample": {"0": {"execution_time": 0.3288452625274658, "passed": true}, "1": {"execution_time": 0.3494760990142822, "passed": true}, "2": {"execution_time": 0.37821507453918457, "passed": true}, "3": {"execution_time": 0.40375328063964844, "passed": true}, "4": {"execution_time": 0.297119140625, "passed": true}, "5": {"execution_time": 0.295102596282959, "passed": true}, "6": {"execution_time": 0.2942802906036377, "passed": true}, "7": {"execution_time": 0.31581830978393555, "passed": true}, "8": {"execution_time": 0.3099675178527832, "passed": true}, "9": {"execution_time": 0.27929115295410156, "passed": true}, "10": {"execution_time": 0.2523188591003418, "passed": true}, "11": {"execution_time": 0.27884817123413086, "passed": true}, "12": {"execution_time": 0.27647829055786133, "passed": true}, "13": {"execution_time": 1.548971176147461, "passed": true}, "14": {"execution_time": 0.26379942893981934, "passed": true}}}, "check_style_score": "0/1"}