{"version": "1", "message": "ERROR: Hidden Testcases server unreachable.", "problem_id": "ads2_m4_a1_1", "user_id": "Sahith-8055", "score": {"sample": {"0": {"execution_time": 0.42865920066833496, "passed": true}, "1": {"execution_time": 0.3139493465423584, "passed": true}, "2": {"execution_time": 0.4219198226928711, "passed": true}, "3": {"execution_time": 0.5167779922485352, "passed": true}, "4": {"execution_time": 0.2798428535461426, "passed": true}, "5": {"execution_time": 0.4747889041900635, "passed": true}, "6": {"execution_time": 0.324110746383667, "passed": true}, "7": {"execution_time": 0.34958791732788086, "passed": true}, "8": {"execution_time": 0.40871357917785645, "passed": true}, "9": {"execution_time": 0.33629441261291504, "passed": true}, "10": {"execution_time": 0.24959158897399902, "passed": true}, "11": {"execution_time": 0.28066182136535645, "passed": true}, "12": {"execution_time": 0.35786890983581543, "passed": true}, "13": {"execution_time": 1.5259711742401123, "passed": true}, "14": {"execution_time": 0.304734468460083, "passed": true}}}, "check_style_score": "0/1"}