{"version": "1", "message": "ERROR: Hidden Testcases server unreachable.", "problem_id": "ads2_m4_a1_1", "user_id": "Sahith-8055", "score": {"sample": {"0": {"execution_time": 0.3112044334411621, "passed": true}, "1": {"execution_time": 0.44727373123168945, "passed": true}, "2": {"execution_time": 0.3766138553619385, "passed": true}, "3": {"execution_time": 0.4045748710632324, "passed": true}, "4": {"execution_time": 0.3051490783691406, "passed": true}, "5": {"execution_time": 0.32398223876953125, "passed": true}, "6": {"execution_time": 0.31675004959106445, "passed": true}, "7": {"execution_time": 0.3587188720703125, "passed": true}, "8": {"execution_time": 0.3717386722564697, "passed": true}, "9": {"execution_time": 0.298187255859375, "passed": true}, "10": {"execution_time": 0.27585840225219727, "passed": true}, "11": {"execution_time": 0.6110496520996094, "passed": true}, "12": {"execution_time": 0.2627527713775635, "passed": true}, "13": {"execution_time": 1.659440517425537, "passed": true}, "14": {"execution_time": 0.26685571670532227, "passed": true}}}, "check_style_score": "0/1"}