{"version": "1", "message": "ERROR: Hidden Testcases server unreachable.", "problem_id": "ads2_m4_a1_1", "user_id": "Sahith-8055", "score": {"sample": {"0": {"execution_time": 0.3129160404205322, "passed": true}, "1": {"execution_time": 0.3301723003387451, "passed": true}, "2": {"execution_time": 0.4656708240509033, "passed": true}, "3": {"execution_time": 0.542349100112915, "passed": true}, "4": {"execution_time": 0.3261086940765381, "passed": true}, "5": {"execution_time": 0.29314160346984863, "passed": true}, "6": {"execution_time": 0.2940495014190674, "passed": true}, "7": {"execution_time": 0.38313770294189453, "passed": true}, "8": {"execution_time": 0.3819732666015625, "passed": true}, "9": {"execution_time": 0.38985323905944824, "passed": true}, "10": {"execution_time": 0.27932119369506836, "passed": true}, "11": {"execution_time": 0.29875802993774414, "passed": true}, "12": {"execution_time": 0.26400089263916016, "passed": true}, "13": {"execution_time": 1.8072006702423096, "passed": true}, "14": {"execution_time": 0.35802268981933594, "passed": true}}}, "check_style_score": "0/1"}