{"version": "1", "message": "ERROR: Hidden Testcases server unreachable.", "problem_id": "ads2_m4_a1_1", "user_id": "Sahith-8055", "score": {"sample": {"0": {"execution_time": 0.37455105781555176, "passed": true}, "1": {"execution_time": 0.23346805572509766, "passed": false}, "2": {"execution_time": 0.2330021858215332, "passed": false}, "3": {"execution_time": 0.21725010871887207, "passed": false}, "4": {"execution_time": 0.6058099269866943, "passed": false}, "5": {"execution_time": 0.3628685474395752, "passed": false}, "6": {"execution_time": 0.34893131256103516, "passed": false}, "7": {"execution_time": 0.24418020248413086, "passed": false}, "8": {"execution_time": 0.3535125255584717, "passed": false}, "9": {"execution_time": 0.34037089347839355, "passed": false}, "10": {"execution_time": 0.37517619132995605, "passed": false}, "11": {"execution_time": 0.21930646896362305, "passed": false}, "12": {"execution_time": 0.24557709693908691, "passed": false}, "13": {"execution_time": 0.22928285598754883, "passed": false}, "14": {"execution_time": 0.2757294178009033, "passed": true}}}, "check_style_score": "0/1"}