{"version": "1", "message": "ERROR: Hidden Testcases server unreachable.", "problem_id": "ads2_m4_a1_1", "user_id": "Sahith-8055", "score": {"sample": {"0": {"execution_time": 0.3103983402252197, "passed": false}, "1": {"execution_time": 0.30939221382141113, "passed": false}, "2": {"execution_time": 0.763373851776123, "passed": false}, "3": {"execution_time": 0.40514421463012695, "passed": false}, "4": {"execution_time": 0.2783198356628418, "passed": false}, "5": {"execution_time": 0.28810787200927734, "passed": false}, "6": {"execution_time": 0.29920220375061035, "passed": false}, "7": {"execution_time": 0.3195016384124756, "passed": false}, "8": {"execution_time": 0.2749323844909668, "passed": false}, "9": {"execution_time": 0.3013496398925781, "passed": false}, "10": {"execution_time": 0.301389217376709, "passed": false}, "11": {"execution_time": 0.2912938594818115, "passed": false}, "12": {"execution_time": 0.2791566848754883, "passed": false}, "13": {"execution_time": 1.4317362308502197, "passed": false}, "14": {"execution_time": 0.4561476707458496, "passed": false}}}, "check_style_score": "0/1"}