{"version": "1", "message": "ERROR: Hidden Testcases server unreachable.", "problem_id": "ads2_m4_a1_1", "user_id": "Sahith-8055", "score": {"sample": {"0": {"execution_time": 0.3736248016357422, "passed": true}, "1": {"execution_time": 0.3263671398162842, "passed": true}, "2": {"execution_time": 0.3572413921356201, "passed": true}, "3": {"execution_time": 0.4305613040924072, "passed": true}, "4": {"execution_time": 0.2953035831451416, "passed": true}, "5": {"execution_time": 0.3019857406616211, "passed": true}, "6": {"execution_time": 0.29848766326904297, "passed": true}, "7": {"execution_time": 0.3105473518371582, "passed": true}, "8": {"execution_time": 0.32843542098999023, "passed": true}, "9": {"execution_time": 0.2739698886871338, "passed": true}, "10": {"execution_time": 0.2634871006011963, "passed": true}, "11": {"execution_time": 0.2934439182281494, "passed": true}, "12": {"execution_time": 0.26237916946411133, "passed": true}, "13": {"execution_time": 1.6076850891113281, "passed": true}, "14": {"execution_time": 0.26243162155151367, "passed": true}}}, "check_style_score": "1/1"}