{"version": "1", "message": "ERROR: Hidden Testcases server unreachable.", "problem_id": "ads2_m4_a1_1", "user_id": "Sahith-8055", "score": {"sample": {"0": {"execution_time": 0.45578980445861816, "passed": false}, "1": {"execution_time": 0.25972867012023926, "passed": false}, "2": {"execution_time": 0.43059206008911133, "passed": false}, "3": {"execution_time": 0.386075496673584, "passed": false}, "4": {"execution_time": 0.3854236602783203, "passed": false}, "5": {"execution_time": 0.2149355411529541, "passed": false}, "6": {"execution_time": 0.2557048797607422, "passed": false}, "7": {"execution_time": 0.23134541511535645, "passed": false}, "8": {"execution_time": 0.34374141693115234, "passed": false}, "9": {"execution_time": 0.30834412574768066, "passed": false}, "10": {"execution_time": 0.30588603019714355, "passed": false}, "11": {"execution_time": 0.32306385040283203, "passed": false}, "12": {"execution_time": 0.24471473693847656, "passed": false}, "13": {"execution_time": 0.37563133239746094, "passed": false}, "14": {"execution_time": 0.26166415214538574, "passed": false}}}, "check_style_score": "0/1"}