{"version": "1", "message": "ERROR: Hidden Testcases server unreachable.", "problem_id": "ads2_m4_a1_1", "user_id": "Sahith-8055", "score": {"sample": {"0": {"execution_time": 0.536707878112793, "passed": true}, "1": {"execution_time": 0.3435044288635254, "passed": true}, "2": {"execution_time": 0.34709835052490234, "passed": true}, "3": {"execution_time": 0.691331148147583, "passed": true}, "4": {"execution_time": 0.2936594486236572, "passed": true}, "5": {"execution_time": 0.3355741500854492, "passed": true}, "6": {"execution_time": 0.29321908950805664, "passed": true}, "7": {"execution_time": 0.31057238578796387, "passed": true}, "8": {"execution_time": 0.3878617286682129, "passed": true}, "9": {"execution_time": 0.2916254997253418, "passed": true}, "10": {"execution_time": 0.2779381275177002, "passed": true}, "11": {"execution_time": 0.28046584129333496, "passed": true}, "12": {"execution_time": 0.3840141296386719, "passed": true}, "13": {"execution_time": 1.6367764472961426, "passed": true}, "14": {"execution_time": 0.3341033458709717, "passed": true}}}, "check_style_score": "0/1"}