{"version": "1", "message": "ERROR: Hidden Testcases server unreachable.", "problem_id": "ads2_m4_a1_1", "user_id": "Sahith-8055", "score": {"sample": {"0": {"execution_time": 0.567673921585083, "passed": true}, "1": {"execution_time": 0.656623125076294, "passed": true}, "2": {"execution_time": 0.6316375732421875, "passed": true}, "3": {"execution_time": 0.8225305080413818, "passed": true}, "4": {"execution_time": 0.7975430488586426, "passed": true}, "5": {"execution_time": 0.4140288829803467, "passed": true}, "6": {"execution_time": 0.3807809352874756, "passed": true}, "7": {"execution_time": 0.3747870922088623, "passed": true}, "8": {"execution_time": 0.32981204986572266, "passed": true}, "9": {"execution_time": 0.2888345718383789, "passed": true}, "10": {"execution_time": 0.28086256980895996, "passed": true}, "11": {"execution_time": 0.2958524227142334, "passed": true}, "12": {"execution_time": 0.6576218605041504, "passed": true}, "13": {"execution_time": 1.7858459949493408, "passed": true}, "14": {"execution_time": 0.26187920570373535, "passed": true}}}, "check_style_score": "0/1"}