{"version": "1", "message": "ERROR: Hidden Testcases server unreachable.", "problem_id": "ads2_m4_a1_1", "user_id": "Sahith-8055", "score": {"sample": {"0": {"execution_time": 0.32515549659729004, "passed": true}, "1": {"execution_time": 0.3241574764251709, "passed": true}, "2": {"execution_time": 0.3446624279022217, "passed": true}, "3": {"execution_time": 0.403489351272583, "passed": true}, "4": {"execution_time": 0.31076526641845703, "passed": true}, "5": {"execution_time": 0.29693078994750977, "passed": true}, "6": {"execution_time": 0.2976365089416504, "passed": true}, "7": {"execution_time": 0.2914607524871826, "passed": true}, "8": {"execution_time": 0.35550880432128906, "passed": true}, "9": {"execution_time": 0.27191734313964844, "passed": true}, "10": {"execution_time": 0.29351019859313965, "passed": true}, "11": {"execution_time": 0.3271305561065674, "passed": true}, "12": {"execution_time": 0.3668532371520996, "passed": true}, "13": {"execution_time": 1.5452337265014648, "passed": true}, "14": {"execution_time": 0.29704880714416504, "passed": true}}}, "check_style_score": "0/1"}