{"version": "1", "message": "ERROR: Hidden Testcases server unreachable.", "problem_id": "ads2_m4_a1_1", "user_id": "Sahith-8055", "score": {"sample": {"0": {"execution_time": 0.29311299324035645, "passed": true}, "1": {"execution_time": 0.3211092948913574, "passed": false}, "2": {"execution_time": 0.361278772354126, "passed": false}, "3": {"execution_time": 0.2807948589324951, "passed": false}, "4": {"execution_time": 0.23011422157287598, "passed": false}, "5": {"execution_time": 0.25046300888061523, "passed": false}, "6": {"execution_time": 0.22401762008666992, "passed": false}, "7": {"execution_time": 0.2614154815673828, "passed": false}, "8": {"execution_time": 0.3301410675048828, "passed": true}, "9": {"execution_time": 0.24709844589233398, "passed": true}, "10": {"execution_time": 0.34134721755981445, "passed": true}, "11": {"execution_time": 0.40689706802368164, "passed": false}, "12": {"execution_time": 0.314983606338501, "passed": false}, "13": {"execution_time": 0.2767035961151123, "passed": false}, "14": {"execution_time": 0.32344675064086914, "passed": true}}}, "check_style_score": "0/1"}