{"version": "1", "message": "ERROR: Hidden Testcases server unreachable.", "problem_id": "ads2_m4_a1_1", "user_id": "Sahith-8055", "score": {"sample": {"0": {"execution_time": 0.3123462200164795, "passed": true}, "1": {"execution_time": 0.3088970184326172, "passed": true}, "2": {"execution_time": 0.3661677837371826, "passed": true}, "3": {"execution_time": 0.4050731658935547, "passed": true}, "4": {"execution_time": 0.37201929092407227, "passed": true}, "5": {"execution_time": 0.3107733726501465, "passed": true}, "6": {"execution_time": 0.2951533794403076, "passed": true}, "7": {"execution_time": 0.298173189163208, "passed": true}, "8": {"execution_time": 0.32035303115844727, "passed": true}, "9": {"execution_time": 0.27211880683898926, "passed": true}, "10": {"execution_time": 0.27056145668029785, "passed": true}, "11": {"execution_time": 0.277172327041626, "passed": true}, "12": {"execution_time": 0.26640987396240234, "passed": true}, "13": {"execution_time": 1.6261060237884521, "passed": true}, "14": {"execution_time": 0.27921223640441895, "passed": true}}}, "check_style_score": "1/1"}