{"version": "1", "message": "ERROR: Hidden Testcases server unreachable.", "problem_id": "ads2_m4_a1_1", "user_id": "Sahith-8055", "score": {"sample": {"0": {"execution_time": 0.31218910217285156, "passed": true}, "1": {"execution_time": 0.34191226959228516, "passed": true}, "2": {"execution_time": 0.35643649101257324, "passed": true}, "3": {"execution_time": 0.40366315841674805, "passed": true}, "4": {"execution_time": 0.30025410652160645, "passed": true}, "5": {"execution_time": 0.3119986057281494, "passed": true}, "6": {"execution_time": 0.32355499267578125, "passed": true}, "7": {"execution_time": 0.29537034034729004, "passed": true}, "8": {"execution_time": 0.3126711845397949, "passed": true}, "9": {"execution_time": 0.30074429512023926, "passed": true}, "10": {"execution_time": 0.2698798179626465, "passed": true}, "11": {"execution_time": 0.2829866409301758, "passed": true}, "12": {"execution_time": 0.27744197845458984, "passed": true}, "13": {"execution_time": 1.6245872974395752, "passed": true}, "14": {"execution_time": 0.37840771675109863, "passed": true}}}, "check_style_score": "1/1"}