{"version": "1", "message": "ERROR: Hidden Testcases server unreachable.", "problem_id": "ads2_m4_a1_1", "user_id": "Sahith-8055", "score": {"sample": {"0": {"execution_time": 0.3346538543701172, "passed": true}, "1": {"execution_time": 0.35588908195495605, "passed": true}, "2": {"execution_time": 0.37409067153930664, "passed": true}, "3": {"execution_time": 0.4396538734436035, "passed": true}, "4": {"execution_time": 0.297121524810791, "passed": true}, "5": {"execution_time": 0.29701924324035645, "passed": true}, "6": {"execution_time": 0.3156778812408447, "passed": true}, "7": {"execution_time": 0.30929088592529297, "passed": true}, "8": {"execution_time": 0.345245361328125, "passed": true}, "9": {"execution_time": 0.2692141532897949, "passed": true}, "10": {"execution_time": 0.26447534561157227, "passed": true}, "11": {"execution_time": 0.2675764560699463, "passed": true}, "12": {"execution_time": 0.26685523986816406, "passed": true}, "13": {"execution_time": 1.638833999633789, "passed": true}, "14": {"execution_time": 0.3405487537384033, "passed": true}}}, "check_style_score": "0/1"}