{"version": "1", "message": "ERROR: Hidden Testcases server unreachable.", "problem_id": "ads2_m4_a1_1", "user_id": "Sahith-8055", "score": {"sample": {"0": {"execution_time": 0.3755836486816406, "passed": true}, "1": {"execution_time": 0.23038220405578613, "passed": false}, "2": {"execution_time": 0.244978666305542, "passed": false}, "3": {"execution_time": 0.28569889068603516, "passed": false}, "4": {"execution_time": 0.2767152786254883, "passed": false}, "5": {"execution_time": 0.36862635612487793, "passed": false}, "6": {"execution_time": 0.21624422073364258, "passed": false}, "7": {"execution_time": 0.21272945404052734, "passed": false}, "8": {"execution_time": 0.3381223678588867, "passed": true}, "9": {"execution_time": 0.38820362091064453, "passed": false}, "10": {"execution_time": 0.3540208339691162, "passed": false}, "11": {"execution_time": 0.22874712944030762, "passed": false}, "12": {"execution_time": 0.21700501441955566, "passed": false}, "13": {"execution_time": 0.21354103088378906, "passed": false}, "14": {"execution_time": 0.27494144439697266, "passed": true}}}, "check_style_score": "0/1"}