{"version": "1", "message": "ERROR: Hidden Testcases server unreachable.", "problem_id": "ads2_m4_a1_1", "user_id": "Sahith-8055", "score": {"sample": {"0": {"execution_time": 0.4191718101501465, "passed": true}, "1": {"execution_time": 0.34012603759765625, "passed": true}, "2": {"execution_time": 0.38939642906188965, "passed": true}, "3": {"execution_time": 0.40446996688842773, "passed": true}, "4": {"execution_time": 0.3848593235015869, "passed": true}, "5": {"execution_time": 0.2919435501098633, "passed": true}, "6": {"execution_time": 0.35651159286499023, "passed": true}, "7": {"execution_time": 0.4198887348175049, "passed": true}, "8": {"execution_time": 0.32987332344055176, "passed": true}, "9": {"execution_time": 0.3269326686859131, "passed": true}, "10": {"execution_time": 0.31099438667297363, "passed": true}, "11": {"execution_time": 0.34121131896972656, "passed": true}, "12": {"execution_time": 0.2758629322052002, "passed": true}, "13": {"execution_time": 1.4978692531585693, "passed": true}, "14": {"execution_time": 0.3677544593811035, "passed": true}}}, "check_style_score": "0/1"}