{"version": "1", "message": "ERROR: Hidden Testcases server unreachable.", "problem_id": "ads2_m4_a1_1", "user_id": "Sahith-8055", "score": {"sample": {"0": {"execution_time": 0.3437962532043457, "passed": true}, "1": {"execution_time": 0.32289767265319824, "passed": true}, "2": {"execution_time": 0.3718283176422119, "passed": true}, "3": {"execution_time": 0.4067952632904053, "passed": true}, "4": {"execution_time": 0.29103636741638184, "passed": true}, "5": {"execution_time": 0.312821626663208, "passed": true}, "6": {"execution_time": 0.292067289352417, "passed": true}, "7": {"execution_time": 0.33003711700439453, "passed": true}, "8": {"execution_time": 0.3288111686706543, "passed": true}, "9": {"execution_time": 0.26928067207336426, "passed": true}, "10": {"execution_time": 0.26558542251586914, "passed": true}, "11": {"execution_time": 0.26726484298706055, "passed": true}, "12": {"execution_time": 0.2764279842376709, "passed": true}, "13": {"execution_time": 1.6706123352050781, "passed": true}, "14": {"execution_time": 0.26432251930236816, "passed": true}}}, "check_style_score": "0/1"}