{"version": "1", "message": "ERROR: Hidden Testcases server unreachable.", "problem_id": "ads2_m4_a1_1", "user_id": "Sahith-8055", "score": {"sample": {"0": {"execution_time": 0.24890637397766113, "passed": false}, "1": {"execution_time": 0.21588444709777832, "passed": false}, "2": {"execution_time": 0.49251818656921387, "passed": false}, "3": {"execution_time": 0.27916407585144043, "passed": false}, "4": {"execution_time": 0.23333525657653809, "passed": false}, "5": {"execution_time": 0.2164909839630127, "passed": false}, "6": {"execution_time": 0.21706223487854004, "passed": false}, "7": {"execution_time": 0.18471145629882812, "passed": false}, "8": {"execution_time": 0.20270943641662598, "passed": false}, "9": {"execution_time": 0.21564030647277832, "passed": false}, "10": {"execution_time": 0.3792610168457031, "passed": false}, "11": {"execution_time": 0.20054078102111816, "passed": false}, "12": {"execution_time": 0.20126032829284668, "passed": false}, "13": {"execution_time": 0.19933032989501953, "passed": false}, "14": {"execution_time": 0.20524048805236816, "passed": false}}}, "check_style_score": "0/1"}