{"version": "1", "message": "ERROR: Hidden Testcases server unreachable.", "problem_id": "ads2_m4_a1_1", "user_id": "Sahith-8055", "score": {"sample": {"0": {"execution_time": 0.25011515617370605, "passed": false}, "1": {"execution_time": 0.2778925895690918, "passed": false}, "2": {"execution_time": 0.2513151168823242, "passed": false}, "3": {"execution_time": 0.26816320419311523, "passed": false}, "4": {"execution_time": 0.2451028823852539, "passed": false}, "5": {"execution_time": 0.2986752986907959, "passed": false}, "6": {"execution_time": 0.2603144645690918, "passed": false}, "7": {"execution_time": 0.24796652793884277, "passed": false}, "8": {"execution_time": 0.248610258102417, "passed": false}, "9": {"execution_time": 0.26064133644104004, "passed": false}, "10": {"execution_time": 0.24460053443908691, "passed": false}, "11": {"execution_time": 0.2912909984588623, "passed": false}, "12": {"execution_time": 0.24416589736938477, "passed": false}, "13": {"execution_time": 0.2640390396118164, "passed": false}, "14": {"execution_time": 0.26120805740356445, "passed": false}}}, "check_style_score": "0/1"}