{"version": "1", "message": "ERROR: Hidden Testcases server unreachable.", "problem_id": "ads2_m4_a1_1", "user_id": "Sahith-8055", "score": {"sample": {"0": {"execution_time": 0.2655777931213379, "passed": false}, "1": {"execution_time": 0.3089103698730469, "passed": false}, "2": {"execution_time": 0.42070651054382324, "passed": false}, "3": {"execution_time": 0.3130004405975342, "passed": false}, "4": {"execution_time": 0.41359758377075195, "passed": false}, "5": {"execution_time": 0.38321971893310547, "passed": false}, "6": {"execution_time": 0.35432934761047363, "passed": false}, "7": {"execution_time": 0.2623574733734131, "passed": false}, "8": {"execution_time": 0.27760934829711914, "passed": false}, "9": {"execution_time": 0.2966742515563965, "passed": false}, "10": {"execution_time": 0.27254629135131836, "passed": false}, "11": {"execution_time": 0.6668474674224854, "passed": false}, "12": {"execution_time": 0.300478458404541, "passed": false}, "13": {"execution_time": 0.41924238204956055, "passed": false}, "14": {"execution_time": 0.325437068939209, "passed": false}}}, "check_style_score": "0/1"}