{"version": "1", "message": "ERROR: Hidden Testcases server unreachable.", "problem_id": "ads2_m4_a1_1", "user_id": "Sahith-8055", "score": {"sample": {"0": {"execution_time": 0.4044375419616699, "passed": true}, "1": {"execution_time": 0.31844258308410645, "passed": true}, "2": {"execution_time": 0.39032411575317383, "passed": true}, "3": {"execution_time": 0.46633410453796387, "passed": true}, "4": {"execution_time": 0.2859220504760742, "passed": true}, "5": {"execution_time": 0.35629820823669434, "passed": true}, "6": {"execution_time": 0.362471342086792, "passed": true}, "7": {"execution_time": 0.34216761589050293, "passed": true}, "8": {"execution_time": 0.5220704078674316, "passed": true}, "9": {"execution_time": 0.471405029296875, "passed": true}, "10": {"execution_time": 0.274219274520874, "passed": true}, "11": {"execution_time": 0.29647397994995117, "passed": true}, "12": {"execution_time": 0.40346598625183105, "passed": true}, "13": {"execution_time": 3.147665500640869, "passed": true}, "14": {"execution_time": 0.3396000862121582, "passed": true}}}, "check_style_score": "0/1"}