{"version": "1", "message": "ERROR: Hidden Testcases server unreachable.", "problem_id": "ads2_m4_a1_1", "user_id": "Sahith-8055", "score": {"sample": {"0": {"execution_time": 0.3290066719055176, "passed": true}, "1": {"execution_time": 0.31477999687194824, "passed": true}, "2": {"execution_time": 0.345855712890625, "passed": true}, "3": {"execution_time": 0.434706449508667, "passed": true}, "4": {"execution_time": 0.28855299949645996, "passed": true}, "5": {"execution_time": 0.3237183094024658, "passed": true}, "6": {"execution_time": 0.31061649322509766, "passed": true}, "7": {"execution_time": 0.31571102142333984, "passed": true}, "8": {"execution_time": 0.326568603515625, "passed": true}, "9": {"execution_time": 0.2632787227630615, "passed": true}, "10": {"execution_time": 0.2609403133392334, "passed": true}, "11": {"execution_time": 0.28118348121643066, "passed": true}, "12": {"execution_time": 0.26505517959594727, "passed": true}, "13": {"execution_time": 1.6299371719360352, "passed": true}, "14": {"execution_time": 0.2653357982635498, "passed": true}}}, "check_style_score": "1/1"}