{"version": "1", "message": "ERROR: Hidden Testcases server unreachable.", "problem_id": "ads2_m4_a1_1", "user_id": "Sahith-8055", "score": {"sample": {"0": {"execution_time": 0.34207797050476074, "passed": true}, "1": {"execution_time": 0.3255951404571533, "passed": true}, "2": {"execution_time": 0.34265637397766113, "passed": true}, "3": {"execution_time": 0.4084327220916748, "passed": true}, "4": {"execution_time": 0.29600977897644043, "passed": true}, "5": {"execution_time": 0.2986764907836914, "passed": true}, "6": {"execution_time": 0.3091294765472412, "passed": true}, "7": {"execution_time": 0.3089325428009033, "passed": true}, "8": {"execution_time": 0.36749815940856934, "passed": true}, "9": {"execution_time": 0.27482032775878906, "passed": true}, "10": {"execution_time": 0.24813151359558105, "passed": true}, "11": {"execution_time": 0.26166629791259766, "passed": true}, "12": {"execution_time": 0.2649264335632324, "passed": true}, "13": {"execution_time": 1.5193994045257568, "passed": true}, "14": {"execution_time": 0.2655799388885498, "passed": true}}}, "check_style_score": "0/1"}