{"version": "1", "message": "ERROR: Hidden Testcases server unreachable.", "problem_id": "ads2_m4_a1_1", "user_id": "Sahith-8055", "score": {"sample": {"0": {"execution_time": 0.565241813659668, "passed": false}, "1": {"execution_time": 0.21499013900756836, "passed": false}, "2": {"execution_time": 0.2137746810913086, "passed": false}, "3": {"execution_time": 0.2763972282409668, "passed": false}, "4": {"execution_time": 0.26532411575317383, "passed": false}, "5": {"execution_time": 0.2258615493774414, "passed": false}, "6": {"execution_time": 0.2345430850982666, "passed": false}, "7": {"execution_time": 0.28472447395324707, "passed": false}, "8": {"execution_time": 0.2467665672302246, "passed": false}, "9": {"execution_time": 0.24433541297912598, "passed": true}, "10": {"execution_time": 0.262470006942749, "passed": true}, "11": {"execution_time": 0.4316132068634033, "passed": false}, "12": {"execution_time": 0.27417898178100586, "passed": false}, "13": {"execution_time": 0.3383305072784424, "passed": false}, "14": {"execution_time": 0.290813684463501, "passed": false}}}, "check_style_score": "0/1"}