{"version": "1", "message": "ERROR: Hidden Testcases server unreachable.", "problem_id": "ads2_m4_a1_1", "user_id": "Sahith-8055", "score": {"sample": {"0": {"execution_time": 0.4353461265563965, "passed": true}, "1": {"execution_time": 0.2526426315307617, "passed": false}, "2": {"execution_time": 0.3317399024963379, "passed": false}, "3": {"execution_time": 0.2667198181152344, "passed": false}, "4": {"execution_time": 0.31058192253112793, "passed": false}, "5": {"execution_time": 0.24707460403442383, "passed": false}, "6": {"execution_time": 0.24549579620361328, "passed": false}, "7": {"execution_time": 0.34497618675231934, "passed": false}, "8": {"execution_time": 0.30888915061950684, "passed": true}, "9": {"execution_time": 0.30847859382629395, "passed": false}, "10": {"execution_time": 0.3528006076812744, "passed": false}, "11": {"execution_time": 0.3782386779785156, "passed": false}, "12": {"execution_time": 0.2124643325805664, "passed": false}, "13": {"execution_time": 0.3236551284790039, "passed": false}, "14": {"execution_time": 0.4146125316619873, "passed": true}}}, "check_style_score": "0/1"}