{"version": "1", "message": "ERROR: Hidden Testcases server unreachable.", "problem_id": "ads2_m4_a1_1", "user_id": "Sahith-8055", "score": {"sample": {"0": {"execution_time": 0.3625624179840088, "passed": true}, "1": {"execution_time": 0.2158820629119873, "passed": false}, "2": {"execution_time": 0.21306395530700684, "passed": false}, "3": {"execution_time": 0.23146915435791016, "passed": false}, "4": {"execution_time": 0.22704577445983887, "passed": false}, "5": {"execution_time": 0.2297956943511963, "passed": false}, "6": {"execution_time": 0.2767312526702881, "passed": false}, "7": {"execution_time": 0.4773263931274414, "passed": false}, "8": {"execution_time": 0.309293270111084, "passed": false}, "9": {"execution_time": 0.48090171813964844, "passed": false}, "10": {"execution_time": 0.4017202854156494, "passed": false}, "11": {"execution_time": 0.2439272403717041, "passed": false}, "12": {"execution_time": 0.29022860527038574, "passed": false}, "13": {"execution_time": 0.263516902923584, "passed": false}, "14": {"execution_time": 0.30742573738098145, "passed": false}}}, "check_style_score": "0/1"}