{"version": "1", "message": "ERROR: Hidden Testcases server unreachable.", "problem_id": "ads2_m2_a1_1", "user_id": "Sahith-8055", "score": {"sample": {"0": {"execution_time": 0.442746639251709, "passed": true}, "1": {"execution_time": 0.33863282203674316, "passed": true}, "2": {"execution_time": 0.2693026065826416, "passed": true}, "3": {"execution_time": 0.2979099750518799, "passed": true}, "4": {"execution_time": 0.25987911224365234, "passed": true}, "5": {"execution_time": 0.37030458450317383, "passed": true}, "6": {"execution_time": 0.26468849182128906, "passed": true}, "7": {"execution_time": 0.25786280632019043, "passed": true}, "8": {"execution_time": 0.672720193862915, "passed": true}, "9": {"execution_time": 0.2693648338317871, "passed": true}, "10": {"execution_time": 0.2801690101623535, "passed": true}, "11": {"execution_time": 0.24979758262634277, "passed": true}, "12": {"execution_time": 0.2796630859375, "passed": true}, "13": {"execution_time": 0.28199291229248047, "passed": true}, "14": {"execution_time": 0.25916290283203125, "passed": true}, "15": {"execution_time": 0.27335524559020996, "passed": true}, "16": {"execution_time": 0.3070693016052246, "passed": true}, "17": {"execution_time": 0.36456751823425293, "passed": true}, "18": {"execution_time": 0.3290383815765381, "passed": true}, "19": {"execution_time": 0.3313252925872803, "passed": true}, "20": {"execution_time": 0.35654711723327637, "passed": true}, "21": {"execution_time": 0.3029789924621582, "passed": true}, "22": {"execution_time": 0.4692392349243164, "passed": false}, "23": {"execution_time": 0.4325587749481201, "passed": true}}}, "check_style_score": "0/1"}