{"version": "1", "message": "ERROR: Hidden Testcases server unreachable.", "problem_id": "ads2_m2_a1_1", "user_id": "Sahith-8055", "score": {"sample": {"0": {"execution_time": 0.2888495922088623, "passed": true}, "1": {"execution_time": 0.3678104877471924, "passed": true}, "2": {"execution_time": 0.24089908599853516, "passed": true}, "3": {"execution_time": 0.26172876358032227, "passed": true}, "4": {"execution_time": 0.2377307415008545, "passed": true}, "5": {"execution_time": 0.26978397369384766, "passed": true}, "6": {"execution_time": 0.24794530868530273, "passed": true}, "7": {"execution_time": 0.2559492588043213, "passed": true}, "8": {"execution_time": 0.2501957416534424, "passed": true}, "9": {"execution_time": 0.2553977966308594, "passed": true}, "10": {"execution_time": 0.24263691902160645, "passed": true}, "11": {"execution_time": 0.2510719299316406, "passed": true}, "12": {"execution_time": 0.25503993034362793, "passed": true}, "13": {"execution_time": 0.2635176181793213, "passed": true}, "14": {"execution_time": 0.25027918815612793, "passed": true}, "15": {"execution_time": 0.2563929557800293, "passed": true}, "16": {"execution_time": 0.3196845054626465, "passed": true}, "17": {"execution_time": 0.33356547355651855, "passed": true}, "18": {"execution_time": 0.3220326900482178, "passed": true}, "19": {"execution_time": 0.3057975769042969, "passed": true}, "20": {"execution_time": 0.3792531490325928, "passed": true}, "21": {"execution_time": 0.249861478805542, "passed": true}, "22": {"execution_time": 0.3731343746185303, "passed": true}, "23": {"execution_time": 0.38370680809020996, "passed": true}}}, "check_style_score": "0/1"}