{"version": "1", "message": "ERROR: Hidden Testcases server unreachable.", "problem_id": "ads2_m2_a1_1", "user_id": "Sahith-8055", "score": {"sample": {"0": {"execution_time": 0.3477306365966797, "passed": true}, "1": {"execution_time": 0.3502533435821533, "passed": true}, "2": {"execution_time": 0.2729005813598633, "passed": true}, "3": {"execution_time": 0.25043392181396484, "passed": true}, "4": {"execution_time": 0.23959755897521973, "passed": true}, "5": {"execution_time": 0.25673508644104004, "passed": true}, "6": {"execution_time": 0.25699687004089355, "passed": true}, "7": {"execution_time": 0.2497553825378418, "passed": true}, "8": {"execution_time": 0.2523643970489502, "passed": true}, "9": {"execution_time": 0.25230836868286133, "passed": true}, "10": {"execution_time": 0.24346685409545898, "passed": true}, "11": {"execution_time": 0.24713611602783203, "passed": true}, "12": {"execution_time": 0.2735621929168701, "passed": true}, "13": {"execution_time": 0.2871131896972656, "passed": true}, "14": {"execution_time": 0.2577328681945801, "passed": true}, "15": {"execution_time": 0.264925479888916, "passed": true}, "16": {"execution_time": 0.309844970703125, "passed": true}, "17": {"execution_time": 0.3016507625579834, "passed": true}, "18": {"execution_time": 0.34047985076904297, "passed": true}, "19": {"execution_time": 0.3605539798736572, "passed": true}, "20": {"execution_time": 0.35012149810791016, "passed": true}, "21": {"execution_time": 0.2533438205718994, "passed": true}, "22": {"execution_time": 0.4198579788208008, "passed": true}, "23": {"execution_time": 0.37230563163757324, "passed": true}}}, "check_style_score": "0/1"}