{"version": "1", "message": "ERROR: Hidden Testcases server unreachable.", "problem_id": "ads2_m2_a1_1", "user_id": "Sahith-8055", "score": {"sample": {"0": {"execution_time": 0.31341552734375, "passed": true}, "1": {"execution_time": 0.3874838352203369, "passed": true}, "2": {"execution_time": 0.25116872787475586, "passed": true}, "3": {"execution_time": 0.25196170806884766, "passed": true}, "4": {"execution_time": 0.24346232414245605, "passed": true}, "5": {"execution_time": 0.25995564460754395, "passed": true}, "6": {"execution_time": 0.25271010398864746, "passed": true}, "7": {"execution_time": 0.26993274688720703, "passed": true}, "8": {"execution_time": 0.2533555030822754, "passed": true}, "9": {"execution_time": 0.2627379894256592, "passed": true}, "10": {"execution_time": 0.2522621154785156, "passed": true}, "11": {"execution_time": 0.26332998275756836, "passed": true}, "12": {"execution_time": 0.26165127754211426, "passed": true}, "13": {"execution_time": 0.2489326000213623, "passed": true}, "14": {"execution_time": 0.2571384906768799, "passed": true}, "15": {"execution_time": 0.30845165252685547, "passed": true}, "16": {"execution_time": 0.2801213264465332, "passed": true}, "17": {"execution_time": 0.332974910736084, "passed": true}, "18": {"execution_time": 0.3354763984680176, "passed": true}, "19": {"execution_time": 0.33919572830200195, "passed": true}, "20": {"execution_time": 0.36090850830078125, "passed": true}, "21": {"execution_time": 0.2699775695800781, "passed": true}, "22": {"execution_time": 0.39996957778930664, "passed": true}, "23": {"execution_time": 0.3467738628387451, "passed": true}}}, "check_style_score": "0/1"}