{"version": "1", "message": "ERROR: Hidden Testcases server unreachable.", "problem_id": "ads2_m16_a1_1", "user_id": "Sahith-8055", "score": {"sample": {"0": {"execution_time": 0.4201352596282959, "passed": false}, "1": {"execution_time": 0.37757396697998047, "passed": false}, "2": {"execution_time": 0.9197473526000977, "passed": false}, "3": {"execution_time": 1.0830979347229004, "passed": false}, "4": {"execution_time": 0.8711714744567871, "passed": false}, "5": {"execution_time": 0.8428161144256592, "passed": false}, "6": {"execution_time": 0.8456242084503174, "passed": false}, "7": {"execution_time": 0.860065221786499, "passed": false}, "8": {"execution_time": 0.5012383460998535, "passed": false}, "9": {"execution_time": 0.8889248371124268, "passed": false}, "10": {"execution_time": 0.9286649227142334, "passed": false}, "11": {"execution_time": 0.303983211517334, "passed": false}, "12": {"execution_time": 0.8931841850280762, "passed": false}, "13": {"execution_time": 0.38443636894226074, "passed": true}, "14": {"execution_time": 0.8803403377532959, "passed": false}, "15": {"execution_time": 0.872725248336792, "passed": false}, "16": {"execution_time": 0.5117599964141846, "passed": false}, "17": {"execution_time": 0.49600672721862793, "passed": false}, "18": {"execution_time": 0.4802849292755127, "passed": false}, "19": {"execution_time": 0.4923839569091797, "passed": false}, "20": {"execution_time": 0.459627628326416, "passed": false}, "21": {"execution_time": 0.44648122787475586, "passed": false}, "22": {"execution_time": 0.4768524169921875, "passed": false}, "23": {"execution_time": 0.42205286026000977, "passed": false}, "24": {"execution_time": 0.3626229763031006, "passed": true}, "25": {"execution_time": 0.9221909046173096, "passed": false}, "26": {"execution_time": 0.695030689239502, "passed": false}, "27": {"execution_time": 0.8947327136993408, "passed": false}, "28": {"execution_time": 1.3100717067718506, "passed": false}, "29": {"execution_time": 0.33258676528930664, "passed": true}}}, "check_style_score": "0/1"}