{"version": "1", "message": "ERROR: Hidden Testcases server unreachable.", "problem_id": "ads2_m16_a1_1", "user_id": "Sahith-8055", "score": {"sample": {"0": {"execution_time": 0.38173723220825195, "passed": true}, "1": {"execution_time": 0.3856222629547119, "passed": true}, "2": {"execution_time": 0.9572775363922119, "passed": true}, "3": {"execution_time": 0.9929921627044678, "passed": true}, "4": {"execution_time": 0.9999959468841553, "passed": true}, "5": {"execution_time": 1.0158562660217285, "passed": true}, "6": {"execution_time": 0.9920930862426758, "passed": true}, "7": {"execution_time": 1.0227789878845215, "passed": true}, "8": {"execution_time": 0.5012457370758057, "passed": true}, "9": {"execution_time": 0.9653120040893555, "passed": true}, "10": {"execution_time": 1.6067993640899658, "passed": true}, "11": {"execution_time": 6.091864585876465, "passed": true}, "12": {"execution_time": 1.0127363204956055, "passed": true}, "13": {"execution_time": 0.375643253326416, "passed": true}, "14": {"execution_time": 1.0092191696166992, "passed": true}, "15": {"execution_time": 1.0736501216888428, "passed": true}, "16": {"execution_time": 0.48799610137939453, "passed": true}, "17": {"execution_time": 0.48783397674560547, "passed": true}, "18": {"execution_time": 0.501044511795044, "passed": true}, "19": {"execution_time": 0.5213520526885986, "passed": true}, "20": {"execution_time": 0.5565228462219238, "passed": true}, "21": {"execution_time": 0.499725341796875, "passed": true}, "22": {"execution_time": 0.5068750381469727, "passed": true}, "23": {"execution_time": 0.4803276062011719, "passed": true}, "24": {"execution_time": 0.35948991775512695, "passed": true}, "25": {"execution_time": 1.0570268630981445, "passed": true}, "26": {"execution_time": 0.8490190505981445, "passed": true}, "27": {"execution_time": 1.0055265426635742, "passed": true}, "28": {"execution_time": 1.520146131515503, "passed": true}, "29": {"execution_time": 0.3332505226135254, "passed": true}}}, "check_style_score": "0/1"}