{"version": "1", "message": "ERROR: Hidden Testcases server unreachable.", "problem_id": "ads2_m16_a1_1", "user_id": "Sahith-8055", "score": {"sample": {"0": {"execution_time": 0.42170119285583496, "passed": true}, "1": {"execution_time": 0.4403538703918457, "passed": true}, "2": {"execution_time": 0.9608547687530518, "passed": true}, "3": {"execution_time": 1.1739435195922852, "passed": true}, "4": {"execution_time": 1.43758225440979, "passed": true}, "5": {"execution_time": 1.350769281387329, "passed": true}, "6": {"execution_time": 1.421184778213501, "passed": true}, "7": {"execution_time": 1.0118839740753174, "passed": true}, "8": {"execution_time": 0.6236460208892822, "passed": true}, "9": {"execution_time": 0.9804713726043701, "passed": true}, "10": {"execution_time": 0.9947421550750732, "passed": true}, "11": {"execution_time": 5.174359560012817, "passed": true}, "12": {"execution_time": 0.9889154434204102, "passed": true}, "13": {"execution_time": 0.49321818351745605, "passed": true}, "14": {"execution_time": 1.148726463317871, "passed": true}, "15": {"execution_time": 1.0844242572784424, "passed": true}, "16": {"execution_time": 0.4957406520843506, "passed": true}, "17": {"execution_time": 0.4927189350128174, "passed": true}, "18": {"execution_time": 0.5391819477081299, "passed": true}, "19": {"execution_time": 0.6206462383270264, "passed": true}, "20": {"execution_time": 0.5557811260223389, "passed": true}, "21": {"execution_time": 0.4676547050476074, "passed": true}, "22": {"execution_time": 0.5159590244293213, "passed": true}, "23": {"execution_time": 0.5436890125274658, "passed": true}, "24": {"execution_time": 0.45076894760131836, "passed": true}, "25": {"execution_time": 1.191833734512329, "passed": true}, "26": {"execution_time": 1.3311116695404053, "passed": true}, "27": {"execution_time": 1.2922594547271729, "passed": true}, "28": {"execution_time": 1.8044815063476562, "passed": true}, "29": {"execution_time": 0.34113049507141113, "passed": true}}}, "check_style_score": "0/1"}