{"version": "1", "message": "ERROR: Hidden Testcases server unreachable.", "problem_id": "ads2_m16_a1_1", "user_id": "Sahith-8055", "score": {"sample": {"0": {"execution_time": 0.6678009033203125, "passed": true}, "1": {"execution_time": 0.40974903106689453, "passed": true}, "2": {"execution_time": 0.9414966106414795, "passed": true}, "3": {"execution_time": 1.023503065109253, "passed": true}, "4": {"execution_time": 1.0118200778961182, "passed": true}, "5": {"execution_time": 1.0389995574951172, "passed": true}, "6": {"execution_time": 0.9639322757720947, "passed": true}, "7": {"execution_time": 0.9567217826843262, "passed": true}, "8": {"execution_time": 0.5227000713348389, "passed": true}, "9": {"execution_time": 0.9583566188812256, "passed": true}, "10": {"execution_time": 1.1723270416259766, "passed": true}, "11": {"execution_time": 5.013058662414551, "passed": true}, "12": {"execution_time": 1.0391621589660645, "passed": true}, "13": {"execution_time": 0.3772847652435303, "passed": true}, "14": {"execution_time": 1.007829189300537, "passed": true}, "15": {"execution_time": 1.034597635269165, "passed": true}, "16": {"execution_time": 0.5007121562957764, "passed": true}, "17": {"execution_time": 0.606743335723877, "passed": true}, "18": {"execution_time": 0.7265830039978027, "passed": true}, "19": {"execution_time": 0.5186998844146729, "passed": true}, "20": {"execution_time": 0.5426898002624512, "passed": true}, "21": {"execution_time": 0.5182487964630127, "passed": true}, "22": {"execution_time": 1.1050164699554443, "passed": true}, "23": {"execution_time": 0.5111312866210938, "passed": true}, "24": {"execution_time": 0.35586118698120117, "passed": true}, "25": {"execution_time": 1.0534212589263916, "passed": true}, "26": {"execution_time": 0.8657636642456055, "passed": true}, "27": {"execution_time": 1.065389633178711, "passed": true}, "28": {"execution_time": 1.7264716625213623, "passed": true}, "29": {"execution_time": 0.34882545471191406, "passed": true}}}, "check_style_score": "0/1"}