{"version": "1", "message": "ERROR: Hidden Testcases server unreachable.", "problem_id": "ads2_m16_a1_1", "user_id": "Sahith-8055", "score": {"sample": {"0": {"execution_time": 0.38510608673095703, "passed": true}, "1": {"execution_time": 0.4042646884918213, "passed": true}, "2": {"execution_time": 0.9499247074127197, "passed": true}, "3": {"execution_time": 0.927361011505127, "passed": true}, "4": {"execution_time": 0.9839472770690918, "passed": true}, "5": {"execution_time": 0.9584722518920898, "passed": true}, "6": {"execution_time": 0.9497973918914795, "passed": true}, "7": {"execution_time": 0.9834232330322266, "passed": true}, "8": {"execution_time": 0.5695145130157471, "passed": true}, "9": {"execution_time": 1.0871922969818115, "passed": true}, "10": {"execution_time": 0.9667403697967529, "passed": true}, "11": {"execution_time": 4.926596403121948, "passed": true}, "12": {"execution_time": 0.9850592613220215, "passed": true}, "13": {"execution_time": 0.39404892921447754, "passed": true}, "14": {"execution_time": 0.9646198749542236, "passed": true}, "15": {"execution_time": 0.9983611106872559, "passed": true}, "16": {"execution_time": 0.5297446250915527, "passed": true}, "17": {"execution_time": 0.6874291896820068, "passed": true}, "18": {"execution_time": 0.8996114730834961, "passed": true}, "19": {"execution_time": 0.5651829242706299, "passed": true}, "20": {"execution_time": 0.6189718246459961, "passed": true}, "21": {"execution_time": 1.2173736095428467, "passed": true}, "22": {"execution_time": 0.5459275245666504, "passed": true}, "23": {"execution_time": 0.7374308109283447, "passed": true}, "24": {"execution_time": 0.5300107002258301, "passed": true}, "25": {"execution_time": 1.1428263187408447, "passed": true}, "26": {"execution_time": 1.4588024616241455, "passed": true}, "27": {"execution_time": 1.0405199527740479, "passed": true}, "28": {"execution_time": 1.5991966724395752, "passed": true}, "29": {"execution_time": 0.3422093391418457, "passed": true}}}, "check_style_score": "0/1"}