{"version": "1", "message": "ERROR: Hidden Testcases server unreachable.", "problem_id": "ads2_m16_a1_1", "user_id": "Sahith-8055", "score": {"sample": {"0": {"execution_time": 0.4134223461151123, "passed": true}, "1": {"execution_time": 0.3962254524230957, "passed": true}, "2": {"execution_time": 0.9572100639343262, "passed": true}, "3": {"execution_time": 0.9071784019470215, "passed": true}, "4": {"execution_time": 0.9800381660461426, "passed": true}, "5": {"execution_time": 0.9900429248809814, "passed": true}, "6": {"execution_time": 1.2369303703308105, "passed": true}, "7": {"execution_time": 1.0133938789367676, "passed": true}, "8": {"execution_time": 0.5189061164855957, "passed": true}, "9": {"execution_time": 0.9516487121582031, "passed": true}, "10": {"execution_time": 0.9339699745178223, "passed": true}, "11": {"execution_time": 5.4660444259643555, "passed": true}, "12": {"execution_time": 1.1122956275939941, "passed": true}, "13": {"execution_time": 0.43799757957458496, "passed": true}, "14": {"execution_time": 1.4656424522399902, "passed": true}, "15": {"execution_time": 1.9644436836242676, "passed": true}, "16": {"execution_time": 1.0744390487670898, "passed": true}, "17": {"execution_time": 0.7875497341156006, "passed": true}, "18": {"execution_time": 1.4274334907531738, "passed": true}, "19": {"execution_time": 0.5321676731109619, "passed": true}, "20": {"execution_time": 0.5646398067474365, "passed": true}, "21": {"execution_time": 0.4916248321533203, "passed": true}, "22": {"execution_time": 0.48833513259887695, "passed": true}, "23": {"execution_time": 0.5780684947967529, "passed": true}, "24": {"execution_time": 0.38422107696533203, "passed": true}, "25": {"execution_time": 1.091630458831787, "passed": true}, "26": {"execution_time": 0.8386852741241455, "passed": true}, "27": {"execution_time": 1.0985932350158691, "passed": true}, "28": {"execution_time": 1.5438168048858643, "passed": true}, "29": {"execution_time": 0.35118722915649414, "passed": true}}}, "check_style_score": "0/1"}