{"version": "1", "message": "ERROR: Hidden Testcases server unreachable.", "problem_id": "ads2_m16_a1_1", "user_id": "Sahith-8055", "score": {"sample": {"0": {"execution_time": 1.9068818092346191, "passed": true}, "1": {"execution_time": 2.076033353805542, "passed": true}, "2": {"execution_time": 2.719379425048828, "passed": true}, "3": {"execution_time": 2.59232234954834, "passed": true}, "4": {"execution_time": 2.6961092948913574, "passed": true}, "5": {"execution_time": 2.707470178604126, "passed": true}, "6": {"execution_time": 3.9963979721069336, "passed": true}, "7": {"execution_time": 2.7177836894989014, "passed": true}, "8": {"execution_time": 1.933051586151123, "passed": true}, "9": {"execution_time": 1.0275888442993164, "passed": true}, "10": {"execution_time": 1.0925776958465576, "passed": true}, "11": {"execution_time": 3.814652919769287, "passed": true}, "12": {"execution_time": 2.793179512023926, "passed": true}, "13": {"execution_time": 1.7156481742858887, "passed": true}, "14": {"execution_time": 0.9520695209503174, "passed": true}, "15": {"execution_time": 10.213714361190796, "passed": false}, "16": {"execution_time": 2.0781490802764893, "passed": true}, "17": {"execution_time": 1.9072825908660889, "passed": true}, "18": {"execution_time": 1.83347749710083, "passed": true}, "19": {"execution_time": 10.041668176651001, "passed": false}, "20": {"execution_time": 10.032971382141113, "passed": false}, "21": {"execution_time": 0.5688252449035645, "passed": true}, "22": {"execution_time": 0.5475282669067383, "passed": true}, "23": {"execution_time": 10.020918369293213, "passed": false}, "24": {"execution_time": 1.554865837097168, "passed": true}, "25": {"execution_time": 10.08981704711914, "passed": false}, "26": {"execution_time": 10.034671068191528, "passed": false}, "27": {"execution_time": 10.084344387054443, "passed": false}, "28": {"execution_time": 10.101461172103882, "passed": false}, "29": {"execution_time": 0.35557007789611816, "passed": false}}}, "check_style_score": "0/1"}