{"version": "1", "message": "ERROR: Hidden Testcases server unreachable.", "problem_id": "ads2_m16_a1_1", "user_id": "Sahith-8055", "score": {"sample": {"0": {"execution_time": 0.4143195152282715, "passed": true}, "1": {"execution_time": 0.42200541496276855, "passed": true}, "2": {"execution_time": 0.917809009552002, "passed": true}, "3": {"execution_time": 0.9995014667510986, "passed": true}, "4": {"execution_time": 1.2231664657592773, "passed": true}, "5": {"execution_time": 1.3014285564422607, "passed": true}, "6": {"execution_time": 1.6006247997283936, "passed": true}, "7": {"execution_time": 1.18251633644104, "passed": true}, "8": {"execution_time": 1.1719911098480225, "passed": true}, "9": {"execution_time": 1.1214311122894287, "passed": true}, "10": {"execution_time": 1.7340490818023682, "passed": true}, "11": {"execution_time": 10.029489040374756, "passed": false}, "12": {"execution_time": 1.616614818572998, "passed": true}, "13": {"execution_time": 0.6295173168182373, "passed": true}, "14": {"execution_time": 1.4725725650787354, "passed": true}, "15": {"execution_time": 1.5963809490203857, "passed": true}, "16": {"execution_time": 0.9295039176940918, "passed": true}, "17": {"execution_time": 0.9240188598632812, "passed": true}, "18": {"execution_time": 0.956981897354126, "passed": true}, "19": {"execution_time": 1.2383909225463867, "passed": true}, "20": {"execution_time": 0.9021272659301758, "passed": true}, "21": {"execution_time": 0.7875821590423584, "passed": true}, "22": {"execution_time": 0.7795538902282715, "passed": true}, "23": {"execution_time": 0.763561487197876, "passed": true}, "24": {"execution_time": 0.6136481761932373, "passed": true}, "25": {"execution_time": 1.2732696533203125, "passed": true}, "26": {"execution_time": 0.9337704181671143, "passed": true}, "27": {"execution_time": 1.1424522399902344, "passed": true}, "28": {"execution_time": 2.057494640350342, "passed": true}, "29": {"execution_time": 1.0804023742675781, "passed": true}}}, "check_style_score": "0/1"}