{"version": "1", "message": "ERROR: Hidden Testcases server unreachable.", "problem_id": "ads2_m16_a1_1", "user_id": "Sahith-8055", "score": {"sample": {"0": {"execution_time": 0.394268274307251, "passed": true}, "1": {"execution_time": 0.3735218048095703, "passed": true}, "2": {"execution_time": 0.8851380348205566, "passed": true}, "3": {"execution_time": 0.9643325805664062, "passed": true}, "4": {"execution_time": 0.918020486831665, "passed": true}, "5": {"execution_time": 0.8867249488830566, "passed": true}, "6": {"execution_time": 0.9162642955780029, "passed": true}, "7": {"execution_time": 0.9645378589630127, "passed": true}, "8": {"execution_time": 0.49076080322265625, "passed": true}, "9": {"execution_time": 0.9176702499389648, "passed": true}, "10": {"execution_time": 0.9480555057525635, "passed": true}, "11": {"execution_time": 4.745699167251587, "passed": true}, "12": {"execution_time": 0.8933072090148926, "passed": true}, "13": {"execution_time": 0.35361623764038086, "passed": true}, "14": {"execution_time": 0.9406135082244873, "passed": true}, "15": {"execution_time": 0.9508883953094482, "passed": true}, "16": {"execution_time": 0.46856045722961426, "passed": true}, "17": {"execution_time": 0.5026371479034424, "passed": true}, "18": {"execution_time": 0.46544313430786133, "passed": true}, "19": {"execution_time": 0.4971945285797119, "passed": true}, "20": {"execution_time": 0.658090353012085, "passed": true}, "21": {"execution_time": 0.47496867179870605, "passed": true}, "22": {"execution_time": 0.8330428600311279, "passed": true}, "23": {"execution_time": 0.49834585189819336, "passed": true}, "24": {"execution_time": 0.3622448444366455, "passed": true}, "25": {"execution_time": 1.0378625392913818, "passed": true}, "26": {"execution_time": 0.8103282451629639, "passed": true}, "27": {"execution_time": 0.9965956211090088, "passed": true}, "28": {"execution_time": 1.4799189567565918, "passed": true}, "29": {"execution_time": 0.3640177249908447, "passed": true}}}, "check_style_score": "0/1"}