{"version": "1", "message": "ERROR: Hidden Testcases server unreachable.", "problem_id": "ads2_m16_a1_1", "user_id": "Sahith-8055", "score": {"sample": {"0": {"execution_time": 0.39145588874816895, "passed": true}, "1": {"execution_time": 0.4441506862640381, "passed": true}, "2": {"execution_time": 0.9665424823760986, "passed": true}, "3": {"execution_time": 0.9324522018432617, "passed": true}, "4": {"execution_time": 0.9934799671173096, "passed": true}, "5": {"execution_time": 1.0179672241210938, "passed": true}, "6": {"execution_time": 1.2602672576904297, "passed": true}, "7": {"execution_time": 1.0605478286743164, "passed": true}, "8": {"execution_time": 0.4981684684753418, "passed": true}, "9": {"execution_time": 0.964881420135498, "passed": true}, "10": {"execution_time": 1.066896915435791, "passed": true}, "11": {"execution_time": 5.053258419036865, "passed": true}, "12": {"execution_time": 0.9508893489837646, "passed": true}, "13": {"execution_time": 0.32358860969543457, "passed": true}, "14": {"execution_time": 0.9785418510437012, "passed": true}, "15": {"execution_time": 1.1688339710235596, "passed": true}, "16": {"execution_time": 0.5097537040710449, "passed": true}, "17": {"execution_time": 0.4501662254333496, "passed": true}, "18": {"execution_time": 0.650259256362915, "passed": true}, "19": {"execution_time": 0.4816770553588867, "passed": true}, "20": {"execution_time": 0.524730920791626, "passed": true}, "21": {"execution_time": 0.4632091522216797, "passed": true}, "22": {"execution_time": 0.5914831161499023, "passed": true}, "23": {"execution_time": 0.680769681930542, "passed": true}, "24": {"execution_time": 0.32679319381713867, "passed": true}, "25": {"execution_time": 1.0455653667449951, "passed": true}, "26": {"execution_time": 0.7871358394622803, "passed": true}, "27": {"execution_time": 0.952399492263794, "passed": true}, "28": {"execution_time": 1.4835715293884277, "passed": true}, "29": {"execution_time": 0.5283658504486084, "passed": true}}}, "check_style_score": "0/1"}