{"version": "1", "message": "ERROR: Hidden Testcases server unreachable.", "problem_id": "ads2_m16_a1_1", "user_id": "Sahith-8055", "score": {"sample": {"0": {"execution_time": 0.373319149017334, "passed": false}, "1": {"execution_time": 0.32900571823120117, "passed": false}, "2": {"execution_time": 0.5720851421356201, "passed": false}, "3": {"execution_time": 0.5748560428619385, "passed": false}, "4": {"execution_time": 0.7187411785125732, "passed": false}, "5": {"execution_time": 0.5499401092529297, "passed": false}, "6": {"execution_time": 0.5432093143463135, "passed": false}, "7": {"execution_time": 0.5728490352630615, "passed": false}, "8": {"execution_time": 0.4056870937347412, "passed": false}, "9": {"execution_time": 0.5519912242889404, "passed": false}, "10": {"execution_time": 0.5702643394470215, "passed": false}, "11": {"execution_time": 0.43450450897216797, "passed": false}, "12": {"execution_time": 0.8356525897979736, "passed": false}, "13": {"execution_time": 0.3282968997955322, "passed": false}, "14": {"execution_time": 0.6270158290863037, "passed": false}, "15": {"execution_time": 0.6718184947967529, "passed": false}, "16": {"execution_time": 0.4362480640411377, "passed": false}, "17": {"execution_time": 0.44507479667663574, "passed": false}, "18": {"execution_time": 0.46253180503845215, "passed": false}, "19": {"execution_time": 0.6217586994171143, "passed": false}, "20": {"execution_time": 0.3843848705291748, "passed": false}, "21": {"execution_time": 0.43774938583374023, "passed": false}, "22": {"execution_time": 0.4127693176269531, "passed": false}, "23": {"execution_time": 0.49436235427856445, "passed": false}, "24": {"execution_time": 0.28020524978637695, "passed": false}, "25": {"execution_time": 1.2376384735107422, "passed": false}, "26": {"execution_time": 0.8013710975646973, "passed": false}, "27": {"execution_time": 0.572767972946167, "passed": false}, "28": {"execution_time": 0.7663912773132324, "passed": false}, "29": {"execution_time": 0.3603527545928955, "passed": false}}}, "check_style_score": "0/1"}