{"version": "1", "message": "ERROR: Hidden Testcases server unreachable.", "problem_id": "ads2_m16_a1_1", "user_id": "Sahith-8055", "score": {"sample": {"0": {"execution_time": 0.44394755363464355, "passed": true}, "1": {"execution_time": 0.5642194747924805, "passed": true}, "2": {"execution_time": 0.9341561794281006, "passed": true}, "3": {"execution_time": 0.9019083976745605, "passed": true}, "4": {"execution_time": 0.9671530723571777, "passed": true}, "5": {"execution_time": 0.9536199569702148, "passed": true}, "6": {"execution_time": 0.9595978260040283, "passed": true}, "7": {"execution_time": 1.053771734237671, "passed": true}, "8": {"execution_time": 0.4802868366241455, "passed": true}, "9": {"execution_time": 0.9528613090515137, "passed": true}, "10": {"execution_time": 0.9288372993469238, "passed": true}, "11": {"execution_time": 5.1884446144104, "passed": true}, "12": {"execution_time": 0.9361555576324463, "passed": true}, "13": {"execution_time": 0.39084386825561523, "passed": true}, "14": {"execution_time": 0.9807345867156982, "passed": true}, "15": {"execution_time": 0.9849271774291992, "passed": true}, "16": {"execution_time": 0.536729097366333, "passed": true}, "17": {"execution_time": 0.5286123752593994, "passed": true}, "18": {"execution_time": 0.5278220176696777, "passed": true}, "19": {"execution_time": 0.6368956565856934, "passed": true}, "20": {"execution_time": 0.6026825904846191, "passed": true}, "21": {"execution_time": 0.5131936073303223, "passed": true}, "22": {"execution_time": 0.4487471580505371, "passed": true}, "23": {"execution_time": 0.5306637287139893, "passed": true}, "24": {"execution_time": 0.41883325576782227, "passed": true}, "25": {"execution_time": 1.3131744861602783, "passed": true}, "26": {"execution_time": 0.8932182788848877, "passed": true}, "27": {"execution_time": 0.9814085960388184, "passed": true}, "28": {"execution_time": 1.5135788917541504, "passed": true}, "29": {"execution_time": 0.47215867042541504, "passed": true}}}, "check_style_score": "0/1"}