{"version": "1", "message": "ERROR: Hidden Testcases server unreachable.", "problem_id": "ads2_m16_a1_1", "user_id": "Sahith-8055", "score": {"sample": {"0": {"execution_time": 0.8342785835266113, "passed": true}, "1": {"execution_time": 0.41849374771118164, "passed": true}, "2": {"execution_time": 0.929905891418457, "passed": true}, "3": {"execution_time": 1.0453588962554932, "passed": true}, "4": {"execution_time": 0.9858641624450684, "passed": true}, "5": {"execution_time": 1.002903699874878, "passed": true}, "6": {"execution_time": 1.0109782218933105, "passed": true}, "7": {"execution_time": 0.9487178325653076, "passed": true}, "8": {"execution_time": 0.5300092697143555, "passed": true}, "9": {"execution_time": 0.9048013687133789, "passed": true}, "10": {"execution_time": 0.9287424087524414, "passed": true}, "11": {"execution_time": 5.0096986293792725, "passed": true}, "12": {"execution_time": 1.0000853538513184, "passed": true}, "13": {"execution_time": 0.3943672180175781, "passed": true}, "14": {"execution_time": 0.996539831161499, "passed": true}, "15": {"execution_time": 1.0214190483093262, "passed": true}, "16": {"execution_time": 0.4929232597351074, "passed": true}, "17": {"execution_time": 0.4615800380706787, "passed": true}, "18": {"execution_time": 0.5063672065734863, "passed": true}, "19": {"execution_time": 0.4844191074371338, "passed": true}, "20": {"execution_time": 0.5543532371520996, "passed": true}, "21": {"execution_time": 0.6066522598266602, "passed": true}, "22": {"execution_time": 0.4858744144439697, "passed": true}, "23": {"execution_time": 0.48433709144592285, "passed": true}, "24": {"execution_time": 0.34686756134033203, "passed": true}, "25": {"execution_time": 0.9942591190338135, "passed": true}, "26": {"execution_time": 0.8540534973144531, "passed": true}, "27": {"execution_time": 1.0297775268554688, "passed": true}, "28": {"execution_time": 1.4561169147491455, "passed": true}, "29": {"execution_time": 0.36570310592651367, "passed": true}}}, "check_style_score": "0/1"}