{"version": "1", "message": "ERROR: Hidden Testcases server unreachable.", "problem_id": "ads2_m16_a1_1", "user_id": "Sahith-8055", "score": {"sample": {"0": {"execution_time": 0.4197859764099121, "passed": true}, "1": {"execution_time": 0.424379825592041, "passed": true}, "2": {"execution_time": 0.96103835105896, "passed": true}, "3": {"execution_time": 0.9136364459991455, "passed": true}, "4": {"execution_time": 0.9312634468078613, "passed": true}, "5": {"execution_time": 0.9941842555999756, "passed": true}, "6": {"execution_time": 0.9836876392364502, "passed": true}, "7": {"execution_time": 1.0059995651245117, "passed": true}, "8": {"execution_time": 0.48976922035217285, "passed": true}, "9": {"execution_time": 0.9955782890319824, "passed": true}, "10": {"execution_time": 0.9936239719390869, "passed": true}, "11": {"execution_time": 5.222669839859009, "passed": true}, "12": {"execution_time": 1.0280933380126953, "passed": true}, "13": {"execution_time": 0.4709775447845459, "passed": true}, "14": {"execution_time": 1.1501619815826416, "passed": true}, "15": {"execution_time": 1.4104104042053223, "passed": true}, "16": {"execution_time": 1.2108471393585205, "passed": true}, "17": {"execution_time": 0.5120499134063721, "passed": true}, "18": {"execution_time": 0.5167365074157715, "passed": true}, "19": {"execution_time": 0.5129745006561279, "passed": true}, "20": {"execution_time": 0.5628581047058105, "passed": true}, "21": {"execution_time": 0.8435328006744385, "passed": true}, "22": {"execution_time": 0.7065837383270264, "passed": true}, "23": {"execution_time": 0.7997846603393555, "passed": true}, "24": {"execution_time": 0.4544494152069092, "passed": true}, "25": {"execution_time": 1.5888831615447998, "passed": true}, "26": {"execution_time": 1.201106071472168, "passed": true}, "27": {"execution_time": 1.1694905757904053, "passed": true}, "28": {"execution_time": 1.968268632888794, "passed": true}, "29": {"execution_time": 0.3696162700653076, "passed": true}}}, "check_style_score": "0/1"}