{"version": "1", "message": "ERROR: Hidden Testcases server unreachable.", "problem_id": "ads2_m16_a1_1", "user_id": "Sahith-8055", "score": {"sample": {"0": {"execution_time": 1.7373950481414795, "passed": true}, "1": {"execution_time": 2.1121294498443604, "passed": true}, "2": {"execution_time": 2.4149329662323, "passed": true}, "3": {"execution_time": 2.6761107444763184, "passed": true}, "4": {"execution_time": 2.557344436645508, "passed": true}, "5": {"execution_time": 2.76261830329895, "passed": true}, "6": {"execution_time": 3.121691942214966, "passed": true}, "7": {"execution_time": 2.705335855484009, "passed": true}, "8": {"execution_time": 1.9900791645050049, "passed": true}, "9": {"execution_time": 0.933800220489502, "passed": true}, "10": {"execution_time": 1.0613007545471191, "passed": true}, "11": {"execution_time": 3.6544692516326904, "passed": true}, "12": {"execution_time": 2.982556104660034, "passed": true}, "13": {"execution_time": 1.558124303817749, "passed": true}, "14": {"execution_time": 0.9051873683929443, "passed": true}, "15": {"execution_time": 10.07781195640564, "passed": false}, "16": {"execution_time": 1.9256863594055176, "passed": true}, "17": {"execution_time": 2.029554605484009, "passed": true}, "18": {"execution_time": 1.8543827533721924, "passed": true}, "19": {"execution_time": 10.034842252731323, "passed": false}, "20": {"execution_time": 10.037906169891357, "passed": false}, "21": {"execution_time": 0.579843282699585, "passed": true}, "22": {"execution_time": 0.5901188850402832, "passed": true}, "23": {"execution_time": 10.026229858398438, "passed": false}, "24": {"execution_time": 1.5306289196014404, "passed": true}, "25": {"execution_time": 10.08079719543457, "passed": false}, "26": {"execution_time": 10.04619312286377, "passed": false}, "27": {"execution_time": 10.115665674209595, "passed": false}, "28": {"execution_time": 10.153800964355469, "passed": false}, "29": {"execution_time": 0.3253602981567383, "passed": true}}}, "check_style_score": "0/1"}