{"version": "1", "message": "ERROR: Hidden Testcases server unreachable.", "problem_id": "ads2_m16_a1_1", "user_id": "Sahith-8055", "score": {"sample": {"0": {"execution_time": 2.0011136531829834, "passed": true}, "1": {"execution_time": 2.0102603435516357, "passed": false}, "2": {"execution_time": 2.623612880706787, "passed": true}, "3": {"execution_time": 2.7177610397338867, "passed": true}, "4": {"execution_time": 2.5900697708129883, "passed": true}, "5": {"execution_time": 2.6161656379699707, "passed": true}, "6": {"execution_time": 2.8703577518463135, "passed": true}, "7": {"execution_time": 2.592015266418457, "passed": true}, "8": {"execution_time": 1.8889641761779785, "passed": false}, "9": {"execution_time": 0.9859130382537842, "passed": true}, "10": {"execution_time": 0.9672231674194336, "passed": true}, "11": {"execution_time": 10.123850107192993, "passed": false}, "12": {"execution_time": 2.716607093811035, "passed": false}, "13": {"execution_time": 1.585319995880127, "passed": true}, "14": {"execution_time": 0.9735763072967529, "passed": true}, "15": {"execution_time": 10.0738685131073, "passed": false}, "16": {"execution_time": 2.0446019172668457, "passed": true}, "17": {"execution_time": 2.058722734451294, "passed": true}, "18": {"execution_time": 2.0477209091186523, "passed": true}, "19": {"execution_time": 10.027911186218262, "passed": false}, "20": {"execution_time": 10.030968427658081, "passed": false}, "21": {"execution_time": 0.477708101272583, "passed": true}, "22": {"execution_time": 0.5058550834655762, "passed": true}, "23": {"execution_time": 10.04881501197815, "passed": false}, "24": {"execution_time": 1.5823097229003906, "passed": true}, "25": {"execution_time": 10.091259002685547, "passed": false}, "26": {"execution_time": 10.05548882484436, "passed": false}, "27": {"execution_time": 10.09931230545044, "passed": false}, "28": {"execution_time": 10.135952711105347, "passed": false}, "29": {"execution_time": 0.3395698070526123, "passed": false}}}, "check_style_score": "0/1"}