{"version": "1", "message": "ERROR: Hidden Testcases server unreachable.", "problem_id": "ads2_m16_a1_1", "user_id": "Sahith-8055", "score": {"sample": {"0": {"execution_time": 0.3740100860595703, "passed": true}, "1": {"execution_time": 0.4135017395019531, "passed": true}, "2": {"execution_time": 0.9623966217041016, "passed": true}, "3": {"execution_time": 0.90362548828125, "passed": true}, "4": {"execution_time": 0.8696057796478271, "passed": true}, "5": {"execution_time": 1.0366613864898682, "passed": true}, "6": {"execution_time": 0.9455132484436035, "passed": true}, "7": {"execution_time": 0.9021129608154297, "passed": true}, "8": {"execution_time": 0.5312037467956543, "passed": true}, "9": {"execution_time": 0.9452266693115234, "passed": true}, "10": {"execution_time": 1.0168592929840088, "passed": true}, "11": {"execution_time": 6.05243444442749, "passed": true}, "12": {"execution_time": 0.9610133171081543, "passed": true}, "13": {"execution_time": 0.5032541751861572, "passed": true}, "14": {"execution_time": 1.0858268737792969, "passed": true}, "15": {"execution_time": 1.0047547817230225, "passed": true}, "16": {"execution_time": 0.4437851905822754, "passed": true}, "17": {"execution_time": 0.5423965454101562, "passed": true}, "18": {"execution_time": 0.48938941955566406, "passed": true}, "19": {"execution_time": 0.5119056701660156, "passed": true}, "20": {"execution_time": 0.54353928565979, "passed": true}, "21": {"execution_time": 0.4980959892272949, "passed": true}, "22": {"execution_time": 0.46349430084228516, "passed": true}, "23": {"execution_time": 0.4510669708251953, "passed": true}, "24": {"execution_time": 0.3292207717895508, "passed": true}, "25": {"execution_time": 1.1229121685028076, "passed": true}, "26": {"execution_time": 0.9350831508636475, "passed": true}, "27": {"execution_time": 0.9813427925109863, "passed": true}, "28": {"execution_time": 1.9774158000946045, "passed": true}, "29": {"execution_time": 0.3354170322418213, "passed": true}}}, "check_style_score": "0/1"}