{"version": "1", "message": "ERROR: Hidden Testcases server unreachable.", "problem_id": "ads2_m16_a1_1", "user_id": "Sahith-8055", "score": {"sample": {"0": {"execution_time": 0.4287538528442383, "passed": true}, "1": {"execution_time": 0.4157876968383789, "passed": true}, "2": {"execution_time": 1.0184144973754883, "passed": true}, "3": {"execution_time": 1.026726245880127, "passed": true}, "4": {"execution_time": 1.333545446395874, "passed": true}, "5": {"execution_time": 1.0490825176239014, "passed": true}, "6": {"execution_time": 1.0237641334533691, "passed": true}, "7": {"execution_time": 1.0172832012176514, "passed": true}, "8": {"execution_time": 0.5168604850769043, "passed": true}, "9": {"execution_time": 0.9804739952087402, "passed": true}, "10": {"execution_time": 1.0064232349395752, "passed": true}, "11": {"execution_time": 5.28219199180603, "passed": true}, "12": {"execution_time": 1.0426690578460693, "passed": true}, "13": {"execution_time": 0.3778865337371826, "passed": true}, "14": {"execution_time": 1.0613903999328613, "passed": true}, "15": {"execution_time": 1.4605097770690918, "passed": true}, "16": {"execution_time": 0.5277087688446045, "passed": true}, "17": {"execution_time": 0.7016074657440186, "passed": true}, "18": {"execution_time": 0.7965719699859619, "passed": true}, "19": {"execution_time": 0.5449182987213135, "passed": true}, "20": {"execution_time": 0.844031572341919, "passed": true}, "21": {"execution_time": 0.9905989170074463, "passed": true}, "22": {"execution_time": 1.290830373764038, "passed": true}, "23": {"execution_time": 0.5956568717956543, "passed": true}, "24": {"execution_time": 0.5236990451812744, "passed": true}, "25": {"execution_time": 1.1223556995391846, "passed": true}, "26": {"execution_time": 0.9022822380065918, "passed": true}, "27": {"execution_time": 1.146000862121582, "passed": true}, "28": {"execution_time": 1.7546164989471436, "passed": true}, "29": {"execution_time": 0.37276411056518555, "passed": true}}}, "check_style_score": "0/1"}