{"version": "1", "message": "ERROR: Hidden Testcases server unreachable.", "problem_id": "ads2_m16_a1_1", "user_id": "Sahith-8055", "score": {"sample": {"0": {"execution_time": 0.7281343936920166, "passed": true}, "1": {"execution_time": 0.3562016487121582, "passed": true}, "2": {"execution_time": 0.9173839092254639, "passed": true}, "3": {"execution_time": 0.9338116645812988, "passed": true}, "4": {"execution_time": 0.9561798572540283, "passed": true}, "5": {"execution_time": 1.0105822086334229, "passed": true}, "6": {"execution_time": 0.9660341739654541, "passed": true}, "7": {"execution_time": 0.9612970352172852, "passed": true}, "8": {"execution_time": 0.49956202507019043, "passed": true}, "9": {"execution_time": 0.9708395004272461, "passed": true}, "10": {"execution_time": 0.9524462223052979, "passed": true}, "11": {"execution_time": 4.783507585525513, "passed": true}, "12": {"execution_time": 0.9778957366943359, "passed": true}, "13": {"execution_time": 0.3834977149963379, "passed": true}, "14": {"execution_time": 0.9813997745513916, "passed": true}, "15": {"execution_time": 1.4950952529907227, "passed": true}, "16": {"execution_time": 0.46587634086608887, "passed": true}, "17": {"execution_time": 0.47269392013549805, "passed": true}, "18": {"execution_time": 0.48839831352233887, "passed": true}, "19": {"execution_time": 0.4796020984649658, "passed": true}, "20": {"execution_time": 0.5451533794403076, "passed": true}, "21": {"execution_time": 0.48972249031066895, "passed": true}, "22": {"execution_time": 0.4814448356628418, "passed": true}, "23": {"execution_time": 0.4530622959136963, "passed": true}, "24": {"execution_time": 0.35844969749450684, "passed": true}, "25": {"execution_time": 1.0501410961151123, "passed": true}, "26": {"execution_time": 0.8695363998413086, "passed": true}, "27": {"execution_time": 0.982745885848999, "passed": true}, "28": {"execution_time": 2.2147908210754395, "passed": true}, "29": {"execution_time": 0.4039888381958008, "passed": true}}}, "check_style_score": "0/1"}