{"version": "1", "message": "ERROR: Hidden Testcases server unreachable.", "problem_id": "ads2_m16_a1_1", "user_id": "Sahith-8055", "score": {"sample": {"0": {"execution_time": 0.4321715831756592, "passed": true}, "1": {"execution_time": 0.45708298683166504, "passed": true}, "2": {"execution_time": 0.9672257900238037, "passed": true}, "3": {"execution_time": 0.940673828125, "passed": true}, "4": {"execution_time": 0.9932997226715088, "passed": true}, "5": {"execution_time": 1.0217838287353516, "passed": true}, "6": {"execution_time": 1.0213401317596436, "passed": true}, "7": {"execution_time": 0.9740602970123291, "passed": true}, "8": {"execution_time": 0.5099143981933594, "passed": true}, "9": {"execution_time": 0.9802327156066895, "passed": true}, "10": {"execution_time": 1.0832993984222412, "passed": true}, "11": {"execution_time": 5.532155513763428, "passed": true}, "12": {"execution_time": 0.9490847587585449, "passed": true}, "13": {"execution_time": 0.35486650466918945, "passed": true}, "14": {"execution_time": 0.96067214012146, "passed": true}, "15": {"execution_time": 1.0352129936218262, "passed": true}, "16": {"execution_time": 0.4746253490447998, "passed": true}, "17": {"execution_time": 0.46343231201171875, "passed": true}, "18": {"execution_time": 0.46422719955444336, "passed": true}, "19": {"execution_time": 0.7200756072998047, "passed": true}, "20": {"execution_time": 0.5418992042541504, "passed": true}, "21": {"execution_time": 0.45963048934936523, "passed": true}, "22": {"execution_time": 0.4628474712371826, "passed": true}, "23": {"execution_time": 0.5016782283782959, "passed": true}, "24": {"execution_time": 0.3233034610748291, "passed": true}, "25": {"execution_time": 0.9847872257232666, "passed": true}, "26": {"execution_time": 0.8462955951690674, "passed": true}, "27": {"execution_time": 1.012796401977539, "passed": true}, "28": {"execution_time": 1.865281581878662, "passed": true}, "29": {"execution_time": 0.33933305740356445, "passed": true}}}, "check_style_score": "0/1"}