{"version": "1", "message": "ERROR: Hidden Testcases server unreachable.", "problem_id": "ads2_m16_a1_1", "user_id": "Sahith-8055", "score": {"sample": {"0": {"execution_time": 0.7385764122009277, "passed": true}, "1": {"execution_time": 0.7915489673614502, "passed": true}, "2": {"execution_time": 2.082136869430542, "passed": true}, "3": {"execution_time": 3.1402974128723145, "passed": true}, "4": {"execution_time": 1.902510643005371, "passed": true}, "5": {"execution_time": 1.8119995594024658, "passed": true}, "6": {"execution_time": 1.765500783920288, "passed": true}, "7": {"execution_time": 1.7067005634307861, "passed": true}, "8": {"execution_time": 1.0404036045074463, "passed": true}, "9": {"execution_time": 1.817537546157837, "passed": true}, "10": {"execution_time": 1.2690649032592773, "passed": true}, "11": {"execution_time": 6.707056760787964, "passed": true}, "12": {"execution_time": 1.1966290473937988, "passed": true}, "13": {"execution_time": 0.4618229866027832, "passed": true}, "14": {"execution_time": 1.3122141361236572, "passed": true}, "15": {"execution_time": 1.8795392513275146, "passed": true}, "16": {"execution_time": 0.6448893547058105, "passed": true}, "17": {"execution_time": 0.6221771240234375, "passed": true}, "18": {"execution_time": 0.6397624015808105, "passed": true}, "19": {"execution_time": 0.6916038990020752, "passed": true}, "20": {"execution_time": 0.843686580657959, "passed": true}, "21": {"execution_time": 1.1314661502838135, "passed": true}, "22": {"execution_time": 0.636671781539917, "passed": true}, "23": {"execution_time": 0.781935453414917, "passed": true}, "24": {"execution_time": 0.9410457611083984, "passed": true}, "25": {"execution_time": 2.585599184036255, "passed": true}, "26": {"execution_time": 1.277700662612915, "passed": true}, "27": {"execution_time": 1.245335578918457, "passed": true}, "28": {"execution_time": 2.397859811782837, "passed": true}, "29": {"execution_time": 0.4437832832336426, "passed": true}}}, "check_style_score": "0/1"}