{"version": "1", "message": "ERROR: Hidden Testcases server unreachable.", "problem_id": "ads2_m16_a1_1", "user_id": "Sahith-8055", "score": {"sample": {"0": {"execution_time": 0.4073607921600342, "passed": false}, "1": {"execution_time": 0.39307618141174316, "passed": false}, "2": {"execution_time": 0.9166102409362793, "passed": false}, "3": {"execution_time": 0.866795539855957, "passed": false}, "4": {"execution_time": 0.8957281112670898, "passed": false}, "5": {"execution_time": 0.9044287204742432, "passed": false}, "6": {"execution_time": 0.8891527652740479, "passed": false}, "7": {"execution_time": 0.9103326797485352, "passed": false}, "8": {"execution_time": 0.50510573387146, "passed": false}, "9": {"execution_time": 0.8721795082092285, "passed": false}, "10": {"execution_time": 0.9499499797821045, "passed": false}, "11": {"execution_time": 0.3598904609680176, "passed": false}, "12": {"execution_time": 1.0037238597869873, "passed": false}, "13": {"execution_time": 0.42091965675354004, "passed": true}, "14": {"execution_time": 0.8949551582336426, "passed": false}, "15": {"execution_time": 0.9799718856811523, "passed": false}, "16": {"execution_time": 0.6075162887573242, "passed": false}, "17": {"execution_time": 0.47997260093688965, "passed": false}, "18": {"execution_time": 0.5007553100585938, "passed": false}, "19": {"execution_time": 0.47389936447143555, "passed": false}, "20": {"execution_time": 0.5161232948303223, "passed": false}, "21": {"execution_time": 0.4755709171295166, "passed": false}, "22": {"execution_time": 0.4907360076904297, "passed": false}, "23": {"execution_time": 0.46172475814819336, "passed": false}, "24": {"execution_time": 0.3705437183380127, "passed": true}, "25": {"execution_time": 0.8796467781066895, "passed": false}, "26": {"execution_time": 0.7429094314575195, "passed": false}, "27": {"execution_time": 0.9030940532684326, "passed": false}, "28": {"execution_time": 1.3998470306396484, "passed": false}, "29": {"execution_time": 0.3895683288574219, "passed": true}}}, "check_style_score": "0/1"}