{"version": "1", "message": "ERROR: Hidden Testcases server unreachable.", "problem_id": "ads2_m16_a1_1", "user_id": "Sahith-8055", "score": {"sample": {"0": {"execution_time": 0.4515230655670166, "passed": true}, "1": {"execution_time": 0.44731783866882324, "passed": true}, "2": {"execution_time": 1.1162340641021729, "passed": true}, "3": {"execution_time": 1.4346654415130615, "passed": true}, "4": {"execution_time": 1.130417823791504, "passed": true}, "5": {"execution_time": 1.6820588111877441, "passed": true}, "6": {"execution_time": 1.0559847354888916, "passed": true}, "7": {"execution_time": 1.1655340194702148, "passed": true}, "8": {"execution_time": 0.720954179763794, "passed": true}, "9": {"execution_time": 1.0076255798339844, "passed": true}, "10": {"execution_time": 0.9666893482208252, "passed": true}, "11": {"execution_time": 5.210111618041992, "passed": true}, "12": {"execution_time": 0.9563171863555908, "passed": true}, "13": {"execution_time": 0.3813362121582031, "passed": true}, "14": {"execution_time": 1.0205700397491455, "passed": true}, "15": {"execution_time": 1.0594525337219238, "passed": true}, "16": {"execution_time": 0.5302965641021729, "passed": true}, "17": {"execution_time": 0.5268592834472656, "passed": true}, "18": {"execution_time": 0.5103244781494141, "passed": true}, "19": {"execution_time": 0.5272340774536133, "passed": true}, "20": {"execution_time": 0.5404622554779053, "passed": true}, "21": {"execution_time": 0.48047327995300293, "passed": true}, "22": {"execution_time": 0.501258373260498, "passed": true}, "23": {"execution_time": 0.5170719623565674, "passed": true}, "24": {"execution_time": 0.35957765579223633, "passed": true}, "25": {"execution_time": 1.245290994644165, "passed": true}, "26": {"execution_time": 0.8567485809326172, "passed": true}, "27": {"execution_time": 1.0235991477966309, "passed": true}, "28": {"execution_time": 1.860203504562378, "passed": true}, "29": {"execution_time": 0.4002978801727295, "passed": true}}}, "check_style_score": "0/1"}