{"version": "1", "message": "ERROR: Hidden Testcases server unreachable.", "problem_id": "ads2_m16_a1_1", "user_id": "Sahith-8055", "score": {"sample": {"0": {"execution_time": 0.4767425060272217, "passed": true}, "1": {"execution_time": 0.6719644069671631, "passed": true}, "2": {"execution_time": 1.0809080600738525, "passed": true}, "3": {"execution_time": 2.056874990463257, "passed": true}, "4": {"execution_time": 2.402341365814209, "passed": true}, "5": {"execution_time": 1.1169536113739014, "passed": true}, "6": {"execution_time": 1.0328869819641113, "passed": true}, "7": {"execution_time": 1.007535457611084, "passed": true}, "8": {"execution_time": 0.509901762008667, "passed": true}, "9": {"execution_time": 0.9627716541290283, "passed": true}, "10": {"execution_time": 0.9756429195404053, "passed": true}, "11": {"execution_time": 5.0959153175354, "passed": true}, "12": {"execution_time": 0.936743974685669, "passed": true}, "13": {"execution_time": 0.36890673637390137, "passed": true}, "14": {"execution_time": 0.9722239971160889, "passed": true}, "15": {"execution_time": 1.0185117721557617, "passed": true}, "16": {"execution_time": 0.47957849502563477, "passed": true}, "17": {"execution_time": 0.4913828372955322, "passed": true}, "18": {"execution_time": 0.500934362411499, "passed": true}, "19": {"execution_time": 0.5016202926635742, "passed": true}, "20": {"execution_time": 0.5407683849334717, "passed": true}, "21": {"execution_time": 0.5648703575134277, "passed": true}, "22": {"execution_time": 0.4818096160888672, "passed": true}, "23": {"execution_time": 0.5643987655639648, "passed": true}, "24": {"execution_time": 0.36635589599609375, "passed": true}, "25": {"execution_time": 0.96787428855896, "passed": true}, "26": {"execution_time": 0.8438258171081543, "passed": true}, "27": {"execution_time": 1.0206353664398193, "passed": true}, "28": {"execution_time": 1.7977921962738037, "passed": true}, "29": {"execution_time": 0.3473494052886963, "passed": true}}}, "check_style_score": "0/1"}