{"version": "1", "message": "ERROR: Hidden Testcases server unreachable.", "problem_id": "ads2_m16_a1_1", "user_id": "Sahith-8055", "score": {"sample": {"0": {"execution_time": 1.9055676460266113, "passed": true}, "1": {"execution_time": 2.1838669776916504, "passed": true}, "2": {"execution_time": 2.7083098888397217, "passed": true}, "3": {"execution_time": 2.589841842651367, "passed": true}, "4": {"execution_time": 2.606719970703125, "passed": true}, "5": {"execution_time": 2.6774485111236572, "passed": true}, "6": {"execution_time": 3.272562026977539, "passed": true}, "7": {"execution_time": 2.659132957458496, "passed": true}, "8": {"execution_time": 1.919118881225586, "passed": true}, "9": {"execution_time": 0.8566782474517822, "passed": true}, "10": {"execution_time": 1.109532117843628, "passed": true}, "11": {"execution_time": 3.80895733833313, "passed": true}, "12": {"execution_time": 2.9341821670532227, "passed": true}, "13": {"execution_time": 1.6364939212799072, "passed": true}, "14": {"execution_time": 0.9132161140441895, "passed": true}, "15": {"execution_time": 10.078605890274048, "passed": false}, "16": {"execution_time": 1.9702203273773193, "passed": true}, "17": {"execution_time": 2.1975059509277344, "passed": true}, "18": {"execution_time": 2.0072102546691895, "passed": true}, "19": {"execution_time": 10.032936096191406, "passed": false}, "20": {"execution_time": 10.033707857131958, "passed": false}, "21": {"execution_time": 0.5523238182067871, "passed": true}, "22": {"execution_time": 0.49456119537353516, "passed": true}, "23": {"execution_time": 10.018495559692383, "passed": false}, "24": {"execution_time": 1.6124939918518066, "passed": true}, "25": {"execution_time": 10.092878103256226, "passed": false}, "26": {"execution_time": 10.041593551635742, "passed": false}, "27": {"execution_time": 10.083482265472412, "passed": false}, "28": {"execution_time": 10.131703615188599, "passed": false}, "29": {"execution_time": 0.37629032135009766, "passed": true}}}, "check_style_score": "0/1"}