{"version": "1", "message": "ERROR: Hidden Testcases server unreachable.", "problem_id": "ads2_m16_a1_1", "user_id": "Sahith-8055", "score": {"sample": {"0": {"execution_time": 0.4496932029724121, "passed": true}, "1": {"execution_time": 0.44740796089172363, "passed": true}, "2": {"execution_time": 1.0558993816375732, "passed": true}, "3": {"execution_time": 0.9291939735412598, "passed": true}, "4": {"execution_time": 0.9808731079101562, "passed": true}, "5": {"execution_time": 1.0200505256652832, "passed": true}, "6": {"execution_time": 0.9688014984130859, "passed": true}, "7": {"execution_time": 0.959796667098999, "passed": true}, "8": {"execution_time": 0.573643684387207, "passed": true}, "9": {"execution_time": 1.2106716632843018, "passed": true}, "10": {"execution_time": 1.476454496383667, "passed": true}, "11": {"execution_time": 6.326819658279419, "passed": true}, "12": {"execution_time": 1.5666286945343018, "passed": true}, "13": {"execution_time": 0.35983705520629883, "passed": true}, "14": {"execution_time": 0.958855390548706, "passed": true}, "15": {"execution_time": 1.0474703311920166, "passed": true}, "16": {"execution_time": 1.028963327407837, "passed": true}, "17": {"execution_time": 0.5169963836669922, "passed": true}, "18": {"execution_time": 0.5079169273376465, "passed": true}, "19": {"execution_time": 0.47168898582458496, "passed": true}, "20": {"execution_time": 0.5318880081176758, "passed": true}, "21": {"execution_time": 0.485245943069458, "passed": true}, "22": {"execution_time": 0.49013495445251465, "passed": true}, "23": {"execution_time": 0.5460605621337891, "passed": true}, "24": {"execution_time": 0.36469197273254395, "passed": true}, "25": {"execution_time": 1.0365078449249268, "passed": true}, "26": {"execution_time": 0.8438034057617188, "passed": true}, "27": {"execution_time": 1.1495633125305176, "passed": true}, "28": {"execution_time": 2.1409189701080322, "passed": true}, "29": {"execution_time": 0.3387329578399658, "passed": true}}}, "check_style_score": "0/1"}