{"version": "1", "message": "ERROR: Hidden Testcases server unreachable.", "problem_id": "ads2_m6_a1_1", "user_id": "Sahith-8055", "score": {"sample": {"0": {"execution_time": 0.4086441993713379, "passed": false}, "1": {"execution_time": 0.3942906856536865, "passed": false}, "2": {"execution_time": 0.44774293899536133, "passed": false}, "3": {"execution_time": 0.4632301330566406, "passed": false}, "4": {"execution_time": 0.44925427436828613, "passed": false}, "5": {"execution_time": 0.4851255416870117, "passed": true}, "6": {"execution_time": 0.3567204475402832, "passed": true}, "7": {"execution_time": 0.37514519691467285, "passed": false}, "8": {"execution_time": 0.34538865089416504, "passed": true}, "9": {"execution_time": 0.46352720260620117, "passed": false}, "10": {"execution_time": 0.3770263195037842, "passed": true}, "11": {"execution_time": 0.5672447681427002, "passed": false}}}, "check_style_score": "0/1"}