{"version": "1", "message": "ERROR: Hidden Testcases server unreachable.", "problem_id": "ads2_m6_a1_1", "user_id": "Sahith-8055", "score": {"sample": {"0": {"execution_time": 0.4889216423034668, "passed": false}, "1": {"execution_time": 0.3773953914642334, "passed": false}, "2": {"execution_time": 0.3998270034790039, "passed": false}, "3": {"execution_time": 0.3891780376434326, "passed": false}, "4": {"execution_time": 0.38872432708740234, "passed": false}, "5": {"execution_time": 0.38944005966186523, "passed": true}, "6": {"execution_time": 0.3817110061645508, "passed": true}, "7": {"execution_time": 0.45692944526672363, "passed": false}, "8": {"execution_time": 0.3771383762359619, "passed": true}, "9": {"execution_time": 0.40623927116394043, "passed": false}, "10": {"execution_time": 0.5926845073699951, "passed": true}, "11": {"execution_time": 0.4433615207672119, "passed": false}}}, "check_style_score": "0/1"}