{"version": "1", "message": "ERROR: Hidden Testcases server unreachable.", "problem_id": "ads2_m6_a1_1", "user_id": "Sahith-8055", "score": {"sample": {"0": {"execution_time": 0.39568328857421875, "passed": false}, "1": {"execution_time": 0.4986231327056885, "passed": false}, "2": {"execution_time": 0.363602876663208, "passed": false}, "3": {"execution_time": 0.3923311233520508, "passed": false}, "4": {"execution_time": 0.49366331100463867, "passed": false}, "5": {"execution_time": 0.415346622467041, "passed": true}, "6": {"execution_time": 0.3444373607635498, "passed": true}, "7": {"execution_time": 0.4096565246582031, "passed": false}, "8": {"execution_time": 0.4548306465148926, "passed": true}, "9": {"execution_time": 0.417036771774292, "passed": false}, "10": {"execution_time": 0.8875739574432373, "passed": true}, "11": {"execution_time": 0.43617820739746094, "passed": false}}}, "check_style_score": "0/1"}