{"version": "1", "message": "ERROR: Hidden Testcases server unreachable.", "problem_id": "ads2_m6_a1_1", "user_id": "Sahith-8055", "score": {"sample": {"0": {"execution_time": 0.35765743255615234, "passed": false}, "1": {"execution_time": 0.37526750564575195, "passed": false}, "2": {"execution_time": 0.36302947998046875, "passed": false}, "3": {"execution_time": 0.3741583824157715, "passed": false}, "4": {"execution_time": 0.38934779167175293, "passed": false}, "5": {"execution_time": 0.39295458793640137, "passed": true}, "6": {"execution_time": 0.43036580085754395, "passed": true}, "7": {"execution_time": 0.3906831741333008, "passed": false}, "8": {"execution_time": 0.38898444175720215, "passed": true}, "9": {"execution_time": 0.36081480979919434, "passed": false}, "10": {"execution_time": 0.35927820205688477, "passed": true}, "11": {"execution_time": 0.40465831756591797, "passed": false}}}, "check_style_score": "0/1"}