{"version": "1", "message": "ERROR: Hidden Testcases server unreachable.", "problem_id": "ads2_m6_a1_1", "user_id": "Sahith-8055", "score": {"sample": {"0": {"execution_time": 0.4440574645996094, "passed": false}, "1": {"execution_time": 0.3843708038330078, "passed": false}, "2": {"execution_time": 0.3914334774017334, "passed": false}, "3": {"execution_time": 0.46297216415405273, "passed": false}, "4": {"execution_time": 0.3700423240661621, "passed": false}, "5": {"execution_time": 0.46234607696533203, "passed": true}, "6": {"execution_time": 0.3705480098724365, "passed": true}, "7": {"execution_time": 0.36125707626342773, "passed": false}, "8": {"execution_time": 0.4384453296661377, "passed": true}, "9": {"execution_time": 0.42931675910949707, "passed": false}, "10": {"execution_time": 0.3802022933959961, "passed": true}, "11": {"execution_time": 0.438098669052124, "passed": false}}}, "check_style_score": "0/1"}