{"version": "1", "message": "ERROR: Hidden Testcases server unreachable.", "problem_id": "ads2_m6_a1_1", "user_id": "Sahith-8055", "score": {"sample": {"0": {"execution_time": 0.30182719230651855, "passed": false}, "1": {"execution_time": 0.8055377006530762, "passed": false}, "2": {"execution_time": 0.3028261661529541, "passed": false}, "3": {"execution_time": 0.2970733642578125, "passed": false}, "4": {"execution_time": 0.29295873641967773, "passed": false}, "5": {"execution_time": 0.30182790756225586, "passed": false}, "6": {"execution_time": 0.4207580089569092, "passed": false}, "7": {"execution_time": 0.30491137504577637, "passed": false}, "8": {"execution_time": 0.30851268768310547, "passed": false}, "9": {"execution_time": 0.3423619270324707, "passed": false}, "10": {"execution_time": 0.31581974029541016, "passed": false}, "11": {"execution_time": 0.4517393112182617, "passed": false}}}, "check_style_score": "0/1"}