{"version": "1", "message": "ERROR: Hidden Testcases server unreachable.", "problem_id": "ads2_m6_a1_1", "user_id": "Sahith-8055", "score": {"sample": {"0": {"execution_time": 0.32980895042419434, "passed": false}, "1": {"execution_time": 0.38777780532836914, "passed": false}, "2": {"execution_time": 0.34580111503601074, "passed": false}, "3": {"execution_time": 0.3696017265319824, "passed": false}, "4": {"execution_time": 0.47977232933044434, "passed": false}, "5": {"execution_time": 0.36124491691589355, "passed": false}, "6": {"execution_time": 0.41176533699035645, "passed": false}, "7": {"execution_time": 0.3538229465484619, "passed": false}, "8": {"execution_time": 0.35149598121643066, "passed": false}, "9": {"execution_time": 0.4185190200805664, "passed": false}, "10": {"execution_time": 0.5706713199615479, "passed": false}, "11": {"execution_time": 0.39094018936157227, "passed": false}}}, "check_style_score": "0/1"}